Employee_ID,Job_Level,Performance_Rating,Annual_Base_Salary,Bonus_Eligibility,Bonus_Amount_USD
SNDZ0001,3 (Mid),3 Meets,75800,N,0
SNDZ0002,5 (Dir),3 Meets,143500,Y,18211
SNDZ0003,3 (Mid),2 Below Meets,68200,N,0
SNDZ0004,3 (Mid),2 Below Meets,78400,N,0
SNDZ0005,2 (Mid),4 Exceeds,62100,Y,8585
SNDZ0006,4 (Sr),3 Meets,112900,Y,22111
SNDZ0007,2 (Mid),1 Below Meets,58900,N,0
SNDZ0008,5 (Dir),3 Meets,132500,Y,21543
SNDZ0009,1 (Jr),1 Below Meets,36200,N,0
SNDZ0010,2 (Mid),3 Meets,51400,N,0
SNDZ0011,2 (Mid),1 Below Meets,58000,N,0
SNDZ0012,3 (Mid),2 Below Meets,72100,N,0
SNDZ0013,2 (Mid),3 Meets,57700,N,0
SNDZ0014,2 (Mid),3 Meets,50200,N,0
SNDZ0015,3 (Mid),4 Exceeds,72500,Y,12978
SNDZ0016,1 (Jr),3 Meets,36200,N,0
SNDZ0017,3 (Mid),4 Exceeds,68200,Y,7746
SNDZ0018,2 (Mid),3 Meets,50200,N,0
SNDZ0019,4 (Sr),4 Exceeds,106700,Y,13226
SNDZ0020,1 (Jr),3 Meets,45400,N,0
SNDZ0021,2 (Mid),3 Meets,50200,N,0
SNDZ0022,2 (Mid),3 Meets,50900,N,0
SNDZ0023,1 (Jr),5 Exceeds,36200,Y,6009
SNDZ0024,1 (Jr),4 Exceeds,36200,Y,4150
SNDZ0025,4 (Sr),1 Below Meets,99000,N,0
SNDZ0026,1 (Jr),3 Meets,36200,N,0
SNDZ0027,2 (Mid),2 Below Meets,50200,N,0
SNDZ0028,2 (Mid),4 Exceeds,54500,Y,7513
SNDZ0029,2 (Mid),3 Meets,51200,N,0
SNDZ0030,4 (Sr),3 Meets,99700,Y,19454
SNDZ0031,6 (VP),2 Below Meets,186300,Y,23552
SNDZ0032,3 (Mid),4 Exceeds,76400,Y,5980
SNDZ0033,5 (Dir),3 Meets,123100,Y,8441
SNDZ0034,4 (Sr),3 Meets,99500,Y,9114
SNDZ0035,4 (Sr),3 Meets,97100,Y,10076
SNDZ0036,4 (Sr),2 Below Meets,93100,Y,10604
SNDZ0037,1 (Jr),3 Meets,38300,N,0
SNDZ0038,4 (Sr),5 Exceeds,99400,Y,5324
SNDZ0039,5 (Dir),3 Meets,136200,Y,25046
SNDZ0040,3 (Mid),2 Below Meets,72200,N,0
SNDZ0041,5 (Dir),4 Exceeds,137300,Y,11015
SNDZ0042,3 (Mid),5 Exceeds,70800,Y,9409
SNDZ0043,1 (Jr),5 Exceeds,38500,Y,4770
SNDZ0044,6 (VP),4 Exceeds,185500,Y,26194
SNDZ0045,4 (Sr),2 Below Meets,96100,Y,10905
SNDZ0046,6 (VP),3 Meets,185800,Y,27503
SNDZ0047,2 (Mid),3 Meets,51200,N,0
SNDZ0048,4 (Sr),3 Meets,94300,Y,14016
SNDZ0049,3 (Mid),5 Exceeds,71900,Y,4625
SNDZ0050,5 (Dir),2 Below Meets,131700,N,0
SNDZ0051,5 (Dir),4 Exceeds,139900,Y,27071
SNDZ0052,4 (Sr),4 Exceeds,99700,Y,6470
SNDZ0053,3 (Mid),4 Exceeds,70600,Y,4931
SNDZ0054,7 (Admin),3 Meets,220000,Y,28970
SNDZ0055,2 (Mid),4 Exceeds,50200,Y,7764
SNDZ0056,3 (Mid),4 Exceeds,69100,Y,6717
SNDZ0057,4 (Sr),3 Meets,106300,Y,14574
SNDZ0058,1 (Jr),3 Meets,36300,N,0
SNDZ0059,4 (Sr),5 Exceeds,91600,Y,13441
SNDZ0060,2 (Mid),4 Exceeds,60500,Y,5701
SNDZ0061,3 (Mid),3 Meets,77500,N,0
SNDZ0062,6 (VP),3 Meets,176400,Y,31601
SNDZ0063,5 (Dir),1 Below Meets,132200,Y,8652
SNDZ0064,4 (Sr),3 Meets,103400,Y,17343
SNDZ0065,5 (Dir),3 Meets,123600,Y,10960
SNDZ0066,3 (Mid),4 Exceeds,75600,Y,4857
SNDZ0067,4 (Sr),4 Exceeds,103000,Y,8247
SNDZ0068,4 (Sr),1 Below Meets,100900,Y,12776
SNDZ0069,4 (Sr),3 Meets,100200,Y,11435
SNDZ0070,1 (Jr),4 Exceeds,41600,Y,5057
SNDZ0071,2 (Mid),5 Exceeds,51400,N,0
SNDZ0072,4 (Sr),1 Below Meets,94600,Y,11350
SNDZ0073,2 (Mid),4 Exceeds,55800,Y,3519
SNDZ0074,1 (Jr),3 Meets,37600,N,0
SNDZ0075,4 (Sr),3 Meets,96100,Y,18464
SNDZ0076,1 (Jr),3 Meets,36200,N,0
SNDZ0077,2 (Mid),4 Exceeds,50200,Y,3267
SNDZ0078,1 (Jr),3 Meets,36200,N,0
SNDZ0079,2 (Mid),3 Meets,51200,N,0
SNDZ0080,1 (Jr),5 Exceeds,44400,Y,3452
SNDZ0081,5 (Dir),3 Meets,131100,Y,16712
SNDZ0082,3 (Mid),4 Exceeds,71300,Y,9223
SNDZ0083,4 (Sr),2 Below Meets,101300,Y,13288
SNDZ0084,1 (Jr),3 Meets,39900,N,0
SNDZ0085,3 (Mid),3 Meets,76800,N,0
SNDZ0086,3 (Mid),1 Below Meets,75800,N,0
SNDZ0087,3 (Mid),1 Below Meets,74600,N,0
SNDZ0088,4 (Sr),5 Exceeds,90200,Y,17094
SNDZ0089,3 (Mid),3 Meets,75600,N,0
SNDZ0090,2 (Mid),4 Exceeds,52900,Y,9325
SNDZ0091,1 (Jr),1 Below Meets,40200,N,0
SNDZ0092,5 (Dir),3 Meets,126200,Y,10628
SNDZ0093,5 (Dir),2 Below Meets,131800,N,0
SNDZ0094,2 (Mid),3 Meets,50500,N,0
SNDZ0095,2 (Mid),2 Below Meets,57400,N,0
SNDZ0096,3 (Mid),3 Meets,68200,N,0
SNDZ0097,3 (Mid),3 Meets,72400,N,0
SNDZ0098,2 (Mid),1 Below Meets,54300,N,0
SNDZ0099,4 (Sr),5 Exceeds,106200,Y,13418
SNDZ0100,5 (Dir),4 Exceeds,135500,Y,7920
SNDZ0101,2 (Mid),2 Below Meets,57900,N,0
SNDZ0102,4 (Sr),3 Meets,93000,Y,11187
SNDZ0103,2 (Mid),4 Exceeds,51700,Y,6791
SNDZ0104,1 (Jr),3 Meets,37000,N,0
SNDZ0105,4 (Sr),2 Below Meets,109000,Y,7937
SNDZ0106,3 (Mid),3 Meets,75600,N,0
SNDZ0107,1 (Jr),3 Meets,40200,N,0
SNDZ0108,3 (Mid),4 Exceeds,81100,Y,5139
SNDZ0109,2 (Mid),5 Exceeds,50700,Y,4726
SNDZ0110,1 (Jr),4 Exceeds,42700,Y,4967
SNDZ0111,5 (Dir),3 Meets,126400,Y,7059
SNDZ0112,6 (VP),5 Exceeds,176400,Y,22043
SNDZ0113,3 (Mid),2 Below Meets,68200,N,0
SNDZ0114,2 (Mid),3 Meets,52100,N,0
SNDZ0115,2 (Mid),4 Exceeds,59100,Y,10341
SNDZ0116,1 (Jr),4 Exceeds,37200,Y,5565
SNDZ0117,5 (Dir),4 Exceeds,137500,Y,7680
SNDZ0118,3 (Mid),3 Meets,74900,N,0
SNDZ0119,2 (Mid),3 Meets,50200,N,0
SNDZ0120,3 (Mid),3 Meets,71400,N,0
SNDZ0121,2 (Mid),3 Meets,50200,N,0
SNDZ0122,2 (Mid),3 Meets,55300,N,0
SNDZ0123,3 (Mid),3 Meets,76500,N,0
SNDZ0124,3 (Mid),4 Exceeds,71500,Y,13614
SNDZ0125,1 (Jr),4 Exceeds,40200,Y,5456
SNDZ0126,1 (Jr),5 Exceeds,39800,Y,2510
SNDZ0127,2 (Mid),1 Below Meets,58500,N,0
SNDZ0128,2 (Mid),5 Exceeds,54200,Y,4953
SNDZ0129,5 (Dir),3 Meets,133400,Y,13763
SNDZ0130,2 (Mid),3 Meets,52400,N,0
SNDZ0131,5 (Dir),3 Meets,121100,Y,17706
SNDZ0132,4 (Sr),3 Meets,91800,Y,8363
SNDZ0133,3 (Mid),1 Below Meets,74500,N,0
SNDZ0134,3 (Mid),3 Meets,70100,N,0
SNDZ0135,1 (Jr),2 Below Meets,39200,N,0
SNDZ0136,3 (Mid),5 Exceeds,68200,Y,7709
SNDZ0137,1 (Jr),3 Meets,41400,N,0
SNDZ0138,3 (Mid),3 Meets,69300,N,0
SNDZ0139,6 (VP),4 Exceeds,170200,Y,34016
SNDZ0140,5 (Dir),4 Exceeds,124000,Y,20043
SNDZ0141,2 (Mid),3 Meets,50200,N,0
SNDZ0142,1 (Jr),3 Meets,39000,N,0
SNDZ0143,2 (Mid),5 Exceeds,50200,Y,5624
SNDZ0144,4 (Sr),5 Exceeds,102000,Y,9142
SNDZ0145,3 (Mid),3 Meets,71000,N,0
SNDZ0146,3 (Mid),3 Meets,68200,N,0
SNDZ0147,6 (VP),5 Exceeds,174500,Y,10411
SNDZ0148,2 (Mid),1 Below Meets,54300,N,0
SNDZ0149,4 (Sr),3 Meets,96400,Y,18210
SNDZ0150,2 (Mid),4 Exceeds,51000,Y,2859
SNDZ0151,1 (Jr),4 Exceeds,36200,Y,5803
SNDZ0152,3 (Mid),4 Exceeds,69400,Y,5038
SNDZ0153,7 (Admin),1 Below Meets,227500,Y,18447
SNDZ0154,4 (Sr),4 Exceeds,108300,Y,9578
SNDZ0155,1 (Jr),2 Below Meets,40800,N,0
SNDZ0156,2 (Mid),4 Exceeds,56600,Y,10722
SNDZ0157,3 (Mid),4 Exceeds,78100,N,0
SNDZ0158,6 (VP),3 Meets,164000,Y,12439
SNDZ0159,4 (Sr),3 Meets,101600,Y,13729
SNDZ0160,5 (Dir),5 Exceeds,137600,Y,21607
SNDZ0161,1 (Jr),5 Exceeds,39200,N,0
SNDZ0162,2 (Mid),3 Meets,54100,N,0
SNDZ0163,2 (Mid),3 Meets,51600,N,0
SNDZ0164,1 (Jr),4 Exceeds,39000,Y,3857
SNDZ0165,5 (Dir),3 Meets,133000,Y,25764
SNDZ0166,4 (Sr),4 Exceeds,107300,Y,20587
SNDZ0167,4 (Sr),3 Meets,108900,Y,12933
SNDZ0168,2 (Mid),3 Meets,57700,N,0
SNDZ0169,1 (Jr),4 Exceeds,36200,N,0
SNDZ0170,2 (Mid),4 Exceeds,53800,Y,7004
SNDZ0171,5 (Dir),4 Exceeds,131700,Y,26131
SNDZ0172,1 (Jr),3 Meets,41600,N,0
SNDZ0173,5 (Dir),4 Exceeds,134600,Y,6905
SNDZ0174,5 (Dir),3 Meets,139700,Y,18980
SNDZ0175,5 (Dir),4 Exceeds,137800,Y,15772
SNDZ0176,2 (Mid),2 Below Meets,58900,N,0
SNDZ0177,3 (Mid),5 Exceeds,70600,Y,5164
SNDZ0178,4 (Sr),3 Meets,103400,Y,19678
SNDZ0179,4 (Sr),3 Meets,106000,Y,17535
SNDZ0180,1 (Jr),4 Exceeds,39300,Y,4993
SNDZ0181,1 (Jr),3 Meets,37000,N,0
SNDZ0182,3 (Mid),3 Meets,68800,N,0
SNDZ0183,2 (Mid),2 Below Meets,50200,N,0
SNDZ0184,5 (Dir),3 Meets,135000,Y,12198
SNDZ0185,2 (Mid),3 Meets,52900,N,0
SNDZ0186,6 (VP),2 Below Meets,176800,N,0
SNDZ0187,4 (Sr),3 Meets,106400,Y,7124
SNDZ0188,5 (Dir),3 Meets,142200,Y,27680
SNDZ0189,2 (Mid),5 Exceeds,50600,Y,8110
SNDZ0190,3 (Mid),2 Below Meets,73700,N,0
SNDZ0191,2 (Mid),3 Meets,58600,N,0
SNDZ0192,7 (Admin),3 Meets,227700,Y,33095
SNDZ0193,3 (Mid),4 Exceeds,75900,Y,7729
SNDZ0194,3 (Mid),3 Meets,77000,N,0
SNDZ0195,6 (VP),3 Meets,181300,Y,23135
SNDZ0196,4 (Sr),3 Meets,105500,Y,15948
SNDZ0197,2 (Mid),4 Exceeds,52000,Y,8465
SNDZ0198,3 (Mid),2 Below Meets,80400,N,0
SNDZ0199,1 (Jr),5 Exceeds,36200,Y,3454
SNDZ0200,6 (VP),3 Meets,173400,Y,25572
SNDZ0201,2 (Mid),3 Meets,50200,N,0
SNDZ0202,4 (Sr),3 Meets,98700,Y,15357
SNDZ0203,5 (Dir),4 Exceeds,134500,Y,20157
SNDZ0204,3 (Mid),3 Meets,75900,N,0
SNDZ0205,4 (Sr),3 Meets,104800,Y,7707
SNDZ0206,5 (Dir),3 Meets,139000,Y,11229
SNDZ0207,3 (Mid),1 Below Meets,68200,N,0
SNDZ0208,1 (Jr),3 Meets,36200,N,0
SNDZ0209,1 (Jr),3 Meets,36200,N,0
SNDZ0210,6 (VP),3 Meets,169000,Y,31875
SNDZ0211,2 (Mid),3 Meets,50900,N,0
SNDZ0212,4 (Sr),3 Meets,100700,Y,6220
SNDZ0213,2 (Mid),4 Exceeds,50200,Y,5633
SNDZ0214,5 (Dir),2 Below Meets,137100,N,0
SNDZ0215,3 (Mid),3 Meets,68200,N,0
SNDZ0216,4 (Sr),2 Below Meets,106600,Y,19081
SNDZ0217,1 (Jr),3 Meets,40200,N,0
SNDZ0218,2 (Mid),3 Meets,50700,N,0
SNDZ0219,3 (Mid),3 Meets,79400,N,0
SNDZ0220,1 (Jr),3 Meets,44500,N,0
SNDZ0221,1 (Jr),4 Exceeds,39700,Y,6792
SNDZ0222,1 (Jr),3 Meets,36200,N,0
SNDZ0223,1 (Jr),3 Meets,37100,N,0
SNDZ0224,1 (Jr),4 Exceeds,37300,Y,6480
SNDZ0225,4 (Sr),3 Meets,91600,Y,5617
SNDZ0226,1 (Jr),1 Below Meets,36200,N,0
SNDZ0227,2 (Mid),5 Exceeds,50200,Y,5982
SNDZ0228,3 (Mid),3 Meets,72700,N,0
SNDZ0229,2 (Mid),2 Below Meets,60100,N,0
SNDZ0230,2 (Mid),2 Below Meets,54700,N,0
SNDZ0231,6 (VP),2 Below Meets,187400,Y,13825
SNDZ0232,1 (Jr),3 Meets,39200,N,0
SNDZ0233,4 (Sr),3 Meets,105900,Y,7580
SNDZ0234,5 (Dir),3 Meets,120200,Y,15163
SNDZ0235,5 (Dir),3 Meets,123000,Y,7107
SNDZ0236,4 (Sr),3 Meets,106300,Y,11258
SNDZ0237,6 (VP),3 Meets,176800,Y,21437
SNDZ0238,3 (Mid),3 Meets,73600,N,0
SNDZ0239,2 (Mid),3 Meets,60100,N,0
SNDZ0240,5 (Dir),3 Meets,133200,Y,14183
SNDZ0241,1 (Jr),2 Below Meets,40400,N,0
SNDZ0242,1 (Jr),3 Meets,40800,N,0
SNDZ0243,6 (VP),3 Meets,173200,Y,10098
SNDZ0244,2 (Mid),3 Meets,50200,N,0
SNDZ0245,6 (VP),3 Meets,172600,Y,32213
SNDZ0246,3 (Mid),2 Below Meets,68200,N,0
SNDZ0247,2 (Mid),4 Exceeds,57800,Y,4188
SNDZ0248,2 (Mid),3 Meets,53900,N,0
SNDZ0249,1 (Jr),4 Exceeds,38000,Y,3536
SNDZ0250,4 (Sr),3 Meets,91200,Y,8832
SNDZ0251,3 (Mid),3 Meets,68900,N,0
SNDZ0252,1 (Jr),3 Meets,41400,N,0
SNDZ0253,2 (Mid),4 Exceeds,54300,Y,10563
SNDZ0254,4 (Sr),2 Below Meets,101000,N,0
SNDZ0255,2 (Mid),4 Exceeds,52100,Y,5501
SNDZ0256,5 (Dir),3 Meets,128700,Y,23237
SNDZ0257,4 (Sr),5 Exceeds,91300,Y,8283
SNDZ0258,5 (Dir),4 Exceeds,134200,Y,13375
SNDZ0259,3 (Mid),5 Exceeds,72200,Y,13366
SNDZ0260,2 (Mid),4 Exceeds,58200,Y,5649
SNDZ0261,2 (Mid),4 Exceeds,57200,Y,7921
SNDZ0262,3 (Mid),4 Exceeds,68200,Y,9422
SNDZ0263,4 (Sr),4 Exceeds,93000,Y,10878
SNDZ0264,5 (Dir),4 Exceeds,136700,Y,17639
SNDZ0265,4 (Sr),1 Below Meets,104800,Y,7609
SNDZ0266,3 (Mid),3 Meets,72700,N,0
SNDZ0267,2 (Mid),1 Below Meets,52400,N,0
SNDZ0268,2 (Mid),4 Exceeds,52200,Y,4179
SNDZ0269,5 (Dir),4 Exceeds,135000,Y,14609
SNDZ0270,2 (Mid),3 Meets,54000,N,0
SNDZ0271,4 (Sr),3 Meets,108900,Y,13723
SNDZ0272,2 (Mid),3 Meets,53900,N,0
SNDZ0273,2 (Mid),3 Meets,57200,N,0
SNDZ0274,2 (Mid),4 Exceeds,53500,Y,7487
SNDZ0275,6 (VP),5 Exceeds,168400,Y,23658
SNDZ0276,2 (Mid),3 Meets,51300,N,0
SNDZ0277,1 (Jr),4 Exceeds,36200,Y,5933
SNDZ0278,2 (Mid),2 Below Meets,52300,N,0
SNDZ0279,3 (Mid),1 Below Meets,68800,N,0
SNDZ0280,4 (Sr),3 Meets,96200,Y,12461
SNDZ0281,6 (VP),2 Below Meets,172500,Y,12449
SNDZ0282,3 (Mid),3 Meets,73900,N,0
SNDZ0283,2 (Mid),1 Below Meets,52900,N,0
SNDZ0284,2 (Mid),4 Exceeds,54100,Y,10207
SNDZ0285,4 (Sr),3 Meets,109300,Y,13188
SNDZ0286,1 (Jr),4 Exceeds,39600,Y,7432
SNDZ0287,4 (Sr),3 Meets,95300,Y,16941
SNDZ0288,1 (Jr),1 Below Meets,38300,N,0
SNDZ0289,1 (Jr),3 Meets,42900,N,0
SNDZ0290,1 (Jr),3 Meets,38400,N,0
SNDZ0291,6 (VP),4 Exceeds,177600,Y,25719
SNDZ0292,2 (Mid),3 Meets,53300,N,0
SNDZ0293,2 (Mid),5 Exceeds,60400,Y,12034
SNDZ0294,1 (Jr),2 Below Meets,36200,N,0
SNDZ0295,2 (Mid),4 Exceeds,50300,Y,7682
SNDZ0296,3 (Mid),5 Exceeds,72200,Y,10517
SNDZ0297,4 (Sr),2 Below Meets,104500,Y,5507
SNDZ0298,1 (Jr),5 Exceeds,36600,Y,5369
SNDZ0299,3 (Mid),4 Exceeds,73800,Y,5691
SNDZ0300,1 (Jr),4 Exceeds,41300,Y,7721
SNDZ0301,5 (Dir),3 Meets,142500,Y,21559
SNDZ0302,1 (Jr),5 Exceeds,40500,Y,3785
SNDZ0303,4 (Sr),5 Exceeds,93000,Y,6345
SNDZ0304,2 (Mid),1 Below Meets,50200,N,0
SNDZ0305,5 (Dir),3 Meets,134300,Y,22775
SNDZ0306,3 (Mid),3 Meets,68200,N,0
SNDZ0307,2 (Mid),3 Meets,50500,N,0
SNDZ0308,4 (Sr),3 Meets,104500,Y,6068
SNDZ0309,3 (Mid),3 Meets,72200,N,0
SNDZ0310,3 (Mid),4 Exceeds,79900,Y,15534
SNDZ0311,6 (VP),4 Exceeds,175100,Y,15046
SNDZ0312,1 (Jr),5 Exceeds,37300,Y,5713
SNDZ0313,7 (Admin),2 Below Meets,212500,Y,23861
SNDZ0314,1 (Jr),3 Meets,37000,N,0
SNDZ0315,1 (Jr),2 Below Meets,38800,N,0
SNDZ0316,4 (Sr),3 Meets,90600,Y,5311
SNDZ0317,2 (Mid),3 Meets,50200,N,0
SNDZ0318,1 (Jr),4 Exceeds,36200,Y,6564
SNDZ0319,6 (VP),3 Meets,178600,Y,21133
SNDZ0320,3 (Mid),3 Meets,68800,N,0
SNDZ0321,2 (Mid),2 Below Meets,54300,N,0
SNDZ0322,4 (Sr),3 Meets,96900,Y,8064
SNDZ0323,3 (Mid),4 Exceeds,70700,Y,14018
SNDZ0324,6 (VP),3 Meets,172000,Y,18972
SNDZ0325,2 (Mid),4 Exceeds,50200,Y,3121
SNDZ0326,5 (Dir),2 Below Meets,121800,N,0
SNDZ0327,4 (Sr),3 Meets,90200,Y,15426
SNDZ0328,7 (Admin),4 Exceeds,229200,Y,37171
SNDZ0329,5 (Dir),5 Exceeds,138000,Y,27073
SNDZ0330,2 (Mid),3 Meets,50200,N,0
SNDZ0331,2 (Mid),1 Below Meets,52300,N,0
SNDZ0332,1 (Jr),3 Meets,37700,N,0
SNDZ0333,5 (Dir),3 Meets,133700,Y,9186
SNDZ0334,2 (Mid),3 Meets,52400,N,0
SNDZ0335,2 (Mid),3 Meets,50200,N,0
SNDZ0336,1 (Jr),3 Meets,41600,N,0
SNDZ0337,3 (Mid),5 Exceeds,69900,Y,5299
SNDZ0338,2 (Mid),4 Exceeds,55900,Y,3718
SNDZ0339,5 (Dir),3 Meets,137000,Y,13037
SNDZ0340,1 (Jr),3 Meets,36200,N,0
SNDZ0341,1 (Jr),4 Exceeds,37900,Y,6138
SNDZ0342,5 (Dir),3 Meets,135100,Y,24211
SNDZ0343,2 (Mid),5 Exceeds,50200,Y,4756
SNDZ0344,1 (Jr),4 Exceeds,41000,Y,4074
SNDZ0345,3 (Mid),4 Exceeds,72000,N,0
SNDZ0346,2 (Mid),4 Exceeds,54600,Y,3541
SNDZ0347,1 (Jr),3 Meets,36200,N,0
SNDZ0348,2 (Mid),3 Meets,50200,N,0
SNDZ0349,4 (Sr),5 Exceeds,93800,Y,8648
SNDZ0350,3 (Mid),4 Exceeds,74500,Y,8226
SNDZ0351,3 (Mid),3 Meets,83600,N,0
SNDZ0352,3 (Mid),5 Exceeds,74500,Y,13457
SNDZ0353,4 (Sr),3 Meets,101100,Y,13759
SNDZ0354,7 (Admin),2 Below Meets,224700,Y,34890
SNDZ0355,4 (Sr),4 Exceeds,93000,Y,9518
SNDZ0356,5 (Dir),5 Exceeds,135200,Y,12337
SNDZ0357,5 (Dir),3 Meets,129200,Y,9531
SNDZ0358,4 (Sr),4 Exceeds,95000,Y,15128
SNDZ0359,3 (Mid),5 Exceeds,81200,Y,7250
SNDZ0360,2 (Mid),5 Exceeds,55500,Y,8257
SNDZ0361,3 (Mid),3 Meets,68200,N,0
SNDZ0362,5 (Dir),3 Meets,127500,Y,13569
SNDZ0363,2 (Mid),3 Meets,56800,N,0
SNDZ0364,3 (Mid),3 Meets,77800,N,0
SNDZ0365,3 (Mid),3 Meets,78200,N,0
SNDZ0366,4 (Sr),3 Meets,105700,Y,13198
SNDZ0367,1 (Jr),3 Meets,37300,N,0
SNDZ0368,6 (VP),3 Meets,173800,Y,33739
SNDZ0369,3 (Mid),3 Meets,74700,N,0
SNDZ0370,4 (Sr),3 Meets,98100,Y,14208
SNDZ0371,2 (Mid),3 Meets,54600,N,0
SNDZ0372,1 (Jr),4 Exceeds,41800,Y,5659
SNDZ0373,2 (Mid),3 Meets,55900,N,0
SNDZ0374,2 (Mid),2 Below Meets,52000,N,0
SNDZ0375,6 (VP),4 Exceeds,171500,Y,13180
SNDZ0376,2 (Mid),3 Meets,58100,N,0
SNDZ0377,4 (Sr),2 Below Meets,107800,Y,14535
SNDZ0378,1 (Jr),3 Meets,42700,N,0
SNDZ0379,5 (Dir),3 Meets,120200,Y,13159
SNDZ0380,2 (Mid),5 Exceeds,51900,Y,6200
SNDZ0381,3 (Mid),3 Meets,69100,N,0
SNDZ0382,1 (Jr),3 Meets,36800,N,0
SNDZ0383,3 (Mid),3 Meets,68200,N,0
SNDZ0384,5 (Dir),3 Meets,133900,Y,11124
SNDZ0385,1 (Jr),3 Meets,36400,N,0
SNDZ0386,4 (Sr),4 Exceeds,104600,Y,6131
SNDZ0387,2 (Mid),3 Meets,53200,N,0
SNDZ0388,6 (VP),2 Below Meets,171300,N,0
SNDZ0389,1 (Jr),3 Meets,36200,N,0
SNDZ0390,2 (Mid),3 Meets,50200,N,0
SNDZ0391,2 (Mid),5 Exceeds,52900,Y,9059
SNDZ0392,7 (Admin),3 Meets,218500,Y,39119
SNDZ0393,6 (VP),2 Below Meets,166300,Y,9888
SNDZ0394,1 (Jr),1 Below Meets,37600,N,0
SNDZ0395,5 (Dir),2 Below Meets,126800,Y,15542
SNDZ0396,2 (Mid),4 Exceeds,54000,Y,4583
SNDZ0397,3 (Mid),5 Exceeds,68200,Y,6805
SNDZ0398,7 (Admin),5 Exceeds,221000,Y,32891
SNDZ0399,3 (Mid),2 Below Meets,82600,N,0
SNDZ0400,5 (Dir),4 Exceeds,130800,Y,19268
SNDZ0401,1 (Jr),2 Below Meets,36700,N,0
SNDZ0402,3 (Mid),3 Meets,76800,N,0
SNDZ0403,1 (Jr),2 Below Meets,36500,N,0
SNDZ0404,5 (Dir),3 Meets,134100,Y,24344
SNDZ0405,1 (Jr),3 Meets,36900,N,0
SNDZ0406,2 (Mid),2 Below Meets,56200,N,0
SNDZ0407,2 (Mid),3 Meets,52100,N,0
SNDZ0408,1 (Jr),3 Meets,43000,N,0
SNDZ0409,4 (Sr),3 Meets,96400,Y,12433
SNDZ0410,3 (Mid),3 Meets,68200,N,0
SNDZ0411,5 (Dir),3 Meets,123800,Y,24667
SNDZ0412,1 (Jr),3 Meets,38100,N,0
SNDZ0413,5 (Dir),3 Meets,122900,Y,17792
SNDZ0414,3 (Mid),3 Meets,74000,N,0
SNDZ0415,5 (Dir),3 Meets,134600,Y,19194
SNDZ0416,5 (Dir),5 Exceeds,129500,Y,8526
SNDZ0417,3 (Mid),3 Meets,77700,N,0
SNDZ0418,2 (Mid),3 Meets,55500,N,0
SNDZ0419,2 (Mid),4 Exceeds,59000,Y,7038
SNDZ0420,3 (Mid),3 Meets,68200,N,0
SNDZ0421,7 (Admin),2 Below Meets,232300,Y,42063
SNDZ0422,2 (Mid),3 Meets,51400,N,0
SNDZ0423,1 (Jr),3 Meets,37600,N,0
SNDZ0424,5 (Dir),3 Meets,140400,Y,10975
SNDZ0425,6 (VP),3 Meets,180100,Y,28816
SNDZ0426,3 (Mid),4 Exceeds,71300,Y,6164
SNDZ0427,3 (Mid),4 Exceeds,68200,Y,7206
SNDZ0428,1 (Jr),1 Below Meets,38900,N,0
SNDZ0429,4 (Sr),4 Exceeds,91400,Y,13312
SNDZ0430,3 (Mid),3 Meets,68900,N,0
SNDZ0431,6 (VP),5 Exceeds,174700,Y,33359
SNDZ0432,4 (Sr),3 Meets,106100,Y,5969
SNDZ0433,3 (Mid),4 Exceeds,79500,Y,8573
SNDZ0434,3 (Mid),2 Below Meets,71300,N,0
SNDZ0435,4 (Sr),5 Exceeds,97400,Y,11783
SNDZ0436,4 (Sr),3 Meets,107300,Y,20943
SNDZ0437,2 (Mid),3 Meets,52700,N,0
SNDZ0438,1 (Jr),3 Meets,42700,N,0
SNDZ0439,5 (Dir),3 Meets,146000,Y,26146
SNDZ0440,4 (Sr),3 Meets,95000,Y,7663
SNDZ0441,3 (Mid),3 Meets,68200,N,0
SNDZ0442,3 (Mid),1 Below Meets,74600,N,0
SNDZ0443,3 (Mid),3 Meets,70300,N,0
SNDZ0444,6 (VP),1 Below Meets,175800,N,0
SNDZ0445,2 (Mid),3 Meets,53000,N,0
SNDZ0446,3 (Mid),2 Below Meets,70200,N,0
SNDZ0447,3 (Mid),4 Exceeds,72500,Y,8465
SNDZ0448,5 (Dir),3 Meets,129100,Y,21005
SNDZ0449,2 (Mid),3 Meets,51400,N,0
SNDZ0450,1 (Jr),4 Exceeds,36200,Y,2897
SNDZ0451,3 (Mid),1 Below Meets,80700,N,0
SNDZ0452,4 (Sr),3 Meets,105600,Y,12931
SNDZ0453,6 (VP),3 Meets,167100,Y,23590
SNDZ0454,2 (Mid),3 Meets,51400,N,0
SNDZ0455,3 (Mid),3 Meets,74700,N,0
SNDZ0456,1 (Jr),3 Meets,37000,N,0
SNDZ0457,2 (Mid),2 Below Meets,54600,N,0
SNDZ0458,7 (Admin),3 Meets,223800,Y,29783
SNDZ0459,1 (Jr),3 Meets,43300,N,0
SNDZ0460,5 (Dir),5 Exceeds,134000,Y,7367
SNDZ0461,6 (VP),3 Meets,178800,Y,15300
SNDZ0462,5 (Dir),3 Meets,140200,Y,20581
SNDZ0463,2 (Mid),4 Exceeds,56200,Y,10408
SNDZ0464,7 (Admin),3 Meets,237900,Y,12654
SNDZ0465,4 (Sr),3 Meets,97000,Y,5506
SNDZ0466,3 (Mid),4 Exceeds,73600,N,0
SNDZ0467,2 (Mid),3 Meets,50300,N,0
SNDZ0468,1 (Jr),5 Exceeds,41500,Y,7921
SNDZ0469,2 (Mid),3 Meets,50200,N,0
SNDZ0470,6 (VP),3 Meets,171100,Y,33980
SNDZ0471,1 (Jr),3 Meets,36200,N,0
SNDZ0472,1 (Jr),3 Meets,37900,N,0
SNDZ0473,3 (Mid),3 Meets,78700,N,0
SNDZ0474,6 (VP),3 Meets,179600,Y,15994
SNDZ0475,5 (Dir),2 Below Meets,133700,N,0
SNDZ0476,3 (Mid),5 Exceeds,82900,Y,6719
SNDZ0477,3 (Mid),3 Meets,68400,N,0
SNDZ0478,3 (Mid),2 Below Meets,68900,N,0
SNDZ0479,6 (VP),3 Meets,174200,Y,27270
SNDZ0480,3 (Mid),4 Exceeds,68200,Y,11413
SNDZ0481,1 (Jr),3 Meets,37500,N,0
SNDZ0482,3 (Mid),5 Exceeds,68200,Y,11633
SNDZ0483,5 (Dir),3 Meets,124800,Y,22267
SNDZ0484,5 (Dir),3 Meets,135700,Y,24979
SNDZ0485,2 (Mid),3 Meets,50200,N,0
SNDZ0486,3 (Mid),1 Below Meets,68600,N,0
SNDZ0487,3 (Mid),3 Meets,72800,N,0
SNDZ0488,3 (Mid),3 Meets,69000,N,0
SNDZ0489,3 (Mid),4 Exceeds,76700,Y,7584
SNDZ0490,4 (Sr),5 Exceeds,97200,Y,7778
SNDZ0491,5 (Dir),3 Meets,124600,Y,19833
SNDZ0492,3 (Mid),4 Exceeds,76900,N,0
SNDZ0493,1 (Jr),3 Meets,39300,N,0
SNDZ0494,5 (Dir),3 Meets,126500,Y,20484
SNDZ0495,3 (Mid),4 Exceeds,68200,Y,7387
SNDZ0496,1 (Jr),3 Meets,36600,N,0
SNDZ0497,1 (Jr),4 Exceeds,40900,Y,3372
SNDZ0498,4 (Sr),3 Meets,103000,Y,7145
SNDZ0499,2 (Mid),4 Exceeds,51200,Y,6361
SNDZ0500,3 (Mid),4 Exceeds,73700,Y,8933
SNDZ0501,2 (Mid),3 Meets,50200,N,0
SNDZ0502,1 (Jr),3 Meets,42500,N,0
SNDZ0503,2 (Mid),3 Meets,52600,N,0
SNDZ0504,4 (Sr),4 Exceeds,111100,Y,15744
SNDZ0505,5 (Dir),4 Exceeds,128500,Y,11571
SNDZ0506,4 (Sr),3 Meets,98900,Y,10501
SNDZ0507,2 (Mid),2 Below Meets,55700,N,0
SNDZ0508,6 (VP),4 Exceeds,181000,Y,11638
SNDZ0509,4 (Sr),3 Meets,94600,Y,14628
SNDZ0510,3 (Mid),4 Exceeds,68200,Y,5553
SNDZ0511,3 (Mid),1 Below Meets,70800,N,0
SNDZ0512,3 (Mid),3 Meets,70400,N,0
SNDZ0513,5 (Dir),3 Meets,137300,Y,18660
SNDZ0514,5 (Dir),3 Meets,141000,Y,17349
SNDZ0515,2 (Mid),3 Meets,54400,N,0
SNDZ0516,3 (Mid),2 Below Meets,68200,N,0
SNDZ0517,4 (Sr),5 Exceeds,99800,Y,12003
SNDZ0518,6 (VP),5 Exceeds,170800,Y,14903
SNDZ0519,3 (Mid),3 Meets,69600,N,0
SNDZ0520,4 (Sr),3 Meets,107400,Y,20718
SNDZ0521,5 (Dir),3 Meets,123900,Y,21517
SNDZ0522,6 (VP),4 Exceeds,181500,Y,20162
SNDZ0523,5 (Dir),2 Below Meets,130400,Y,14501
SNDZ0524,1 (Jr),1 Below Meets,39500,N,0
SNDZ0525,3 (Mid),3 Meets,73900,N,0
SNDZ0526,3 (Mid),3 Meets,70600,N,0
SNDZ0527,2 (Mid),4 Exceeds,55000,Y,9866
SNDZ0528,1 (Jr),3 Meets,38300,N,0
SNDZ0529,5 (Dir),3 Meets,137600,Y,26192
SNDZ0530,1 (Jr),3 Meets,37000,N,0
SNDZ0531,4 (Sr),4 Exceeds,94100,Y,8312
SNDZ0532,2 (Mid),3 Meets,50200,N,0
SNDZ0533,4 (Sr),4 Exceeds,108300,Y,21532
SNDZ0534,4 (Sr),3 Meets,106800,Y,21187
SNDZ0535,2 (Mid),4 Exceeds,50200,Y,7342
SNDZ0536,4 (Sr),3 Meets,106500,Y,16371
SNDZ0537,5 (Dir),1 Below Meets,146500,Y,18997
SNDZ0538,3 (Mid),3 Meets,68200,N,0
SNDZ0539,1 (Jr),2 Below Meets,36200,N,0
SNDZ0540,3 (Mid),3 Meets,78300,N,0
SNDZ0541,2 (Mid),3 Meets,55000,N,0
SNDZ0542,1 (Jr),3 Meets,41400,N,0
SNDZ0543,5 (Dir),3 Meets,134100,Y,17461
SNDZ0544,2 (Mid),3 Meets,58800,N,0
SNDZ0545,4 (Sr),3 Meets,103500,Y,17320
SNDZ0546,4 (Sr),5 Exceeds,100800,Y,12413
SNDZ0547,1 (Jr),4 Exceeds,36600,Y,6096
SNDZ0548,4 (Sr),3 Meets,99600,Y,9270
SNDZ0549,1 (Jr),3 Meets,36200,N,0
SNDZ0550,5 (Dir),3 Meets,134600,Y,11909
SNDZ0551,2 (Mid),2 Below Meets,60300,N,0
SNDZ0552,5 (Dir),4 Exceeds,141200,Y,18331
SNDZ0553,3 (Mid),3 Meets,69100,N,0
SNDZ0554,1 (Jr),3 Meets,40800,N,0
SNDZ0555,7 (Admin),4 Exceeds,217300,Y,25644
SNDZ0556,1 (Jr),2 Below Meets,36200,N,0
SNDZ0557,1 (Jr),4 Exceeds,36200,Y,6460
SNDZ0558,3 (Mid),3 Meets,68200,N,0
SNDZ0559,5 (Dir),3 Meets,127700,Y,18074
SNDZ0560,2 (Mid),3 Meets,50200,N,0
SNDZ0561,1 (Jr),3 Meets,36200,N,0
SNDZ0562,4 (Sr),3 Meets,92000,Y,9366
SNDZ0563,3 (Mid),3 Meets,68500,N,0
SNDZ0564,2 (Mid),2 Below Meets,56400,N,0
SNDZ0565,4 (Sr),3 Meets,106400,Y,8905
SNDZ0566,2 (Mid),3 Meets,57200,N,0
SNDZ0567,5 (Dir),3 Meets,142700,Y,14457
SNDZ0568,3 (Mid),5 Exceeds,73300,Y,13856
SNDZ0569,3 (Mid),3 Meets,76900,N,0
SNDZ0570,3 (Mid),2 Below Meets,74700,N,0
SNDZ0571,4 (Sr),5 Exceeds,105200,Y,8828
SNDZ0572,2 (Mid),1 Below Meets,59600,N,0
SNDZ0573,2 (Mid),3 Meets,50200,N,0
SNDZ0574,1 (Jr),3 Meets,37700,N,0
SNDZ0575,3 (Mid),2 Below Meets,69500,N,0
SNDZ0576,1 (Jr),2 Below Meets,40300,N,0
SNDZ0577,5 (Dir),5 Exceeds,129800,Y,20629
SNDZ0578,4 (Sr),3 Meets,112400,Y,15579
SNDZ0579,4 (Sr),4 Exceeds,95200,Y,10477
SNDZ0580,2 (Mid),4 Exceeds,54200,Y,5701
SNDZ0581,3 (Mid),3 Meets,68200,N,0
SNDZ0582,3 (Mid),3 Meets,68800,N,0
SNDZ0583,3 (Mid),3 Meets,74100,N,0
SNDZ0584,7 (Admin),3 Meets,228400,Y,31848
SNDZ0585,3 (Mid),2 Below Meets,72100,N,0
SNDZ0586,5 (Dir),3 Meets,123100,Y,23053
SNDZ0587,3 (Mid),3 Meets,78300,N,0
SNDZ0588,2 (Mid),3 Meets,50200,N,0
SNDZ0589,2 (Mid),3 Meets,51100,N,0
SNDZ0590,1 (Jr),4 Exceeds,44600,Y,3875
SNDZ0591,2 (Mid),5 Exceeds,50200,Y,9369
SNDZ0592,4 (Sr),3 Meets,102700,Y,12169
SNDZ0593,5 (Dir),3 Meets,133100,Y,13723
SNDZ0594,3 (Mid),4 Exceeds,70700,N,0
SNDZ0595,2 (Mid),3 Meets,50200,N,0
SNDZ0596,4 (Sr),3 Meets,98800,Y,9901
SNDZ0597,3 (Mid),3 Meets,71100,N,0
SNDZ0598,3 (Mid),3 Meets,74500,N,0
SNDZ0599,1 (Jr),5 Exceeds,36200,Y,2277
SNDZ0600,3 (Mid),5 Exceeds,76300,Y,5252
SNDZ0601,3 (Mid),4 Exceeds,77300,Y,9396
SNDZ0602,4 (Sr),5 Exceeds,99400,Y,9489
SNDZ0603,2 (Mid),4 Exceeds,50200,N,0
SNDZ0604,2 (Mid),3 Meets,52000,N,0
SNDZ0605,1 (Jr),4 Exceeds,37300,Y,2382
SNDZ0606,1 (Jr),4 Exceeds,39500,Y,6354
SNDZ0607,4 (Sr),5 Exceeds,106000,Y,20975
SNDZ0608,1 (Jr),3 Meets,41200,N,0
SNDZ0609,1 (Jr),2 Below Meets,36300,N,0
SNDZ0610,1 (Jr),5 Exceeds,36200,Y,1982
SNDZ0611,2 (Mid),3 Meets,52500,N,0
SNDZ0612,5 (Dir),4 Exceeds,130200,Y,17788
SNDZ0613,1 (Jr),2 Below Meets,40800,N,0
SNDZ0614,1 (Jr),3 Meets,36600,N,0
SNDZ0615,1 (Jr),3 Meets,36200,N,0
SNDZ0616,1 (Jr),2 Below Meets,42500,N,0
SNDZ0617,2 (Mid),3 Meets,51300,N,0
SNDZ0618,1 (Jr),5 Exceeds,37300,Y,2606
SNDZ0619,2 (Mid),3 Meets,57900,N,0
SNDZ0620,4 (Sr),3 Meets,102400,Y,17280
SNDZ0621,1 (Jr),1 Below Meets,42500,N,0
SNDZ0622,3 (Mid),4 Exceeds,68200,Y,9915
SNDZ0623,1 (Jr),3 Meets,38700,N,0
SNDZ0624,6 (VP),3 Meets,185200,Y,34001
SNDZ0625,2 (Mid),4 Exceeds,53300,Y,4813
SNDZ0626,1 (Jr),3 Meets,42000,N,0
SNDZ0627,2 (Mid),3 Meets,53600,N,0
SNDZ0628,1 (Jr),5 Exceeds,36300,Y,5390
SNDZ0629,3 (Mid),3 Meets,73200,N,0
SNDZ0630,1 (Jr),4 Exceeds,42000,Y,6390
SNDZ0631,2 (Mid),4 Exceeds,52200,Y,8140
SNDZ0632,5 (Dir),3 Meets,131000,Y,24863
SNDZ0633,2 (Mid),4 Exceeds,50200,Y,5964
SNDZ0634,1 (Jr),3 Meets,36200,N,0
SNDZ0635,5 (Dir),4 Exceeds,133700,Y,18448
SNDZ0636,5 (Dir),3 Meets,144100,Y,8013
SNDZ0637,4 (Sr),3 Meets,107800,Y,12886
SNDZ0638,1 (Jr),3 Meets,37300,N,0
SNDZ0639,1 (Jr),3 Meets,36500,N,0
SNDZ0640,2 (Mid),1 Below Meets,50700,N,0
SNDZ0641,2 (Mid),1 Below Meets,50200,N,0
SNDZ0642,4 (Sr),3 Meets,111300,Y,8803
SNDZ0643,1 (Jr),3 Meets,41600,N,0
SNDZ0644,2 (Mid),4 Exceeds,56000,Y,3025
SNDZ0645,2 (Mid),3 Meets,62600,N,0
SNDZ0646,4 (Sr),3 Meets,102500,Y,18098
SNDZ0647,1 (Jr),4 Exceeds,36300,Y,7128
SNDZ0648,1 (Jr),3 Meets,38600,N,0
SNDZ0649,2 (Mid),3 Meets,51700,N,0
SNDZ0650,1 (Jr),3 Meets,39100,N,0
SNDZ0651,4 (Sr),3 Meets,112500,Y,18121
SNDZ0652,1 (Jr),5 Exceeds,40900,Y,5754
SNDZ0653,4 (Sr),4 Exceeds,110400,Y,14293
SNDZ0654,5 (Dir),4 Exceeds,136900,Y,11220
SNDZ0655,3 (Mid),3 Meets,72100,N,0
SNDZ0656,5 (Dir),3 Meets,122600,Y,20959
SNDZ0657,5 (Dir),4 Exceeds,131100,Y,23390
SNDZ0658,3 (Mid),3 Meets,76400,N,0
SNDZ0659,1 (Jr),4 Exceeds,37200,Y,2730
SNDZ0660,1 (Jr),3 Meets,41000,N,0
SNDZ0661,7 (Admin),3 Meets,225000,Y,30939
SNDZ0662,2 (Mid),3 Meets,50200,N,0
SNDZ0663,2 (Mid),5 Exceeds,56700,Y,3575
SNDZ0664,6 (VP),4 Exceeds,160700,Y,9350
SNDZ0665,3 (Mid),3 Meets,68200,N,0
SNDZ0666,4 (Sr),3 Meets,96900,Y,15272
SNDZ0667,3 (Mid),4 Exceeds,69900,Y,6948
SNDZ0668,6 (VP),4 Exceeds,163700,Y,29514
SNDZ0669,2 (Mid),2 Below Meets,54700,N,0
SNDZ0670,6 (VP),3 Meets,174000,Y,20141
SNDZ0671,1 (Jr),3 Meets,36200,N,0
SNDZ0672,2 (Mid),3 Meets,52700,N,0
SNDZ0673,2 (Mid),3 Meets,51700,N,0
SNDZ0674,3 (Mid),3 Meets,68900,N,0
SNDZ0675,2 (Mid),4 Exceeds,53400,Y,9983
SNDZ0676,4 (Sr),2 Below Meets,100000,Y,11914
SNDZ0677,5 (Dir),4 Exceeds,131100,Y,7009
SNDZ0678,4 (Sr),2 Below Meets,101200,N,0
SNDZ0679,6 (VP),3 Meets,173300,Y,21713
SNDZ0680,5 (Dir),2 Below Meets,131600,N,0
SNDZ0681,2 (Mid),1 Below Meets,55800,N,0
SNDZ0682,2 (Mid),3 Meets,55200,N,0
SNDZ0683,4 (Sr),4 Exceeds,102900,Y,6111
SNDZ0684,6 (VP),3 Meets,174600,Y,22263
SNDZ0685,3 (Mid),3 Meets,76500,N,0
SNDZ0686,6 (VP),4 Exceeds,178400,Y,23972
SNDZ0687,4 (Sr),1 Below Meets,93100,N,0
SNDZ0688,3 (Mid),3 Meets,80000,N,0
SNDZ0689,4 (Sr),4 Exceeds,98600,Y,8584
SNDZ0690,3 (Mid),4 Exceeds,78700,Y,3973
SNDZ0691,4 (Sr),3 Meets,104100,Y,19737
SNDZ0692,5 (Dir),3 Meets,141000,Y,12467
SNDZ0693,2 (Mid),3 Meets,53000,N,0
SNDZ0694,4 (Sr),3 Meets,101800,Y,8562
SNDZ0695,2 (Mid),4 Exceeds,51400,Y,8315
SNDZ0696,4 (Sr),5 Exceeds,107400,Y,20754
SNDZ0697,5 (Dir),3 Meets,120200,Y,19625
SNDZ0698,1 (Jr),5 Exceeds,38000,Y,6805
SNDZ0699,1 (Jr),3 Meets,44100,N,0
SNDZ0700,2 (Mid),4 Exceeds,55900,Y,9974
SNDZ0701,5 (Dir),1 Below Meets,128600,Y,13210
SNDZ0702,3 (Mid),1 Below Meets,71300,N,0
SNDZ0703,4 (Sr),4 Exceeds,97500,Y,5204
SNDZ0704,7 (Admin),2 Below Meets,214500,N,0
SNDZ0705,5 (Dir),3 Meets,124100,Y,11287
SNDZ0706,4 (Sr),3 Meets,98500,Y,7546
SNDZ0707,1 (Jr),3 Meets,36200,N,0
SNDZ0708,1 (Jr),3 Meets,37400,N,0
SNDZ0709,1 (Jr),5 Exceeds,36200,Y,6700
SNDZ0710,2 (Mid),4 Exceeds,50200,Y,8638
SNDZ0711,1 (Jr),4 Exceeds,41600,Y,5829
SNDZ0712,2 (Mid),3 Meets,50800,N,0
SNDZ0713,3 (Mid),3 Meets,69800,N,0
SNDZ0714,5 (Dir),4 Exceeds,133300,Y,20512
SNDZ0715,1 (Jr),1 Below Meets,37700,N,0
SNDZ0716,2 (Mid),3 Meets,59900,N,0
SNDZ0717,1 (Jr),3 Meets,44900,N,0
SNDZ0718,5 (Dir),4 Exceeds,130100,Y,10235
SNDZ0719,3 (Mid),3 Meets,71600,N,0
SNDZ0720,4 (Sr),3 Meets,97600,Y,17684
SNDZ0721,1 (Jr),2 Below Meets,38900,N,0
SNDZ0722,1 (Jr),1 Below Meets,38500,N,0
SNDZ0723,1 (Jr),3 Meets,44600,N,0
SNDZ0724,4 (Sr),4 Exceeds,101700,Y,15832
SNDZ0725,4 (Sr),2 Below Meets,99400,N,0
SNDZ0726,1 (Jr),5 Exceeds,41500,Y,7307
SNDZ0727,3 (Mid),4 Exceeds,72200,Y,12348
SNDZ0728,3 (Mid),1 Below Meets,74900,N,0
SNDZ0729,1 (Jr),4 Exceeds,36600,Y,2633
SNDZ0730,1 (Jr),3 Meets,42100,N,0
SNDZ0731,1 (Jr),1 Below Meets,42600,N,0
SNDZ0732,3 (Mid),3 Meets,71600,N,0
SNDZ0733,3 (Mid),2 Below Meets,68200,N,0
SNDZ0734,3 (Mid),2 Below Meets,76200,N,0
SNDZ0735,4 (Sr),3 Meets,95900,Y,8744
SNDZ0736,1 (Jr),3 Meets,40800,N,0
SNDZ0737,2 (Mid),3 Meets,51500,N,0
SNDZ0738,3 (Mid),3 Meets,77300,N,0
SNDZ0739,2 (Mid),4 Exceeds,50200,Y,9013
SNDZ0740,1 (Jr),3 Meets,38000,N,0
SNDZ0741,2 (Mid),3 Meets,50700,N,0
SNDZ0742,4 (Sr),4 Exceeds,107600,Y,16321
SNDZ0743,2 (Mid),3 Meets,51600,N,0
SNDZ0744,4 (Sr),4 Exceeds,100300,Y,13490
SNDZ0745,1 (Jr),3 Meets,41900,N,0
SNDZ0746,2 (Mid),2 Below Meets,54100,N,0
SNDZ0747,2 (Mid),3 Meets,52100,N,0
SNDZ0748,5 (Dir),3 Meets,127000,Y,10691
SNDZ0749,2 (Mid),2 Below Meets,53100,N,0
SNDZ0750,4 (Sr),5 Exceeds,104100,Y,19629
SNDZ0751,1 (Jr),2 Below Meets,36200,N,0
SNDZ0752,3 (Mid),5 Exceeds,72900,Y,10468
SNDZ0753,2 (Mid),4 Exceeds,50200,Y,3826
SNDZ0754,6 (VP),3 Meets,183300,Y,29084
SNDZ0755,1 (Jr),4 Exceeds,41300,Y,2270
SNDZ0756,2 (Mid),4 Exceeds,53800,Y,9598
SNDZ0757,1 (Jr),3 Meets,37100,N,0
SNDZ0758,3 (Mid),3 Meets,70300,N,0
SNDZ0759,4 (Sr),3 Meets,95100,Y,13289
SNDZ0760,4 (Sr),3 Meets,99400,Y,19483
SNDZ0761,4 (Sr),4 Exceeds,103900,Y,16655
SNDZ0762,4 (Sr),3 Meets,111000,Y,21790
SNDZ0763,2 (Mid),1 Below Meets,50400,N,0
SNDZ0764,2 (Mid),2 Below Meets,56400,N,0
SNDZ0765,3 (Mid),5 Exceeds,79600,Y,10703
SNDZ0766,4 (Sr),2 Below Meets,96700,N,0
SNDZ0767,3 (Mid),3 Meets,69700,N,0
SNDZ0768,5 (Dir),3 Meets,134400,Y,15005
SNDZ0769,5 (Dir),4 Exceeds,138000,Y,18926
SNDZ0770,5 (Dir),4 Exceeds,125400,Y,21532
SNDZ0771,2 (Mid),4 Exceeds,54900,Y,10308
SNDZ0772,1 (Jr),2 Below Meets,39600,N,0
SNDZ0773,1 (Jr),5 Exceeds,37500,Y,2450
SNDZ0774,4 (Sr),4 Exceeds,90800,Y,10344
SNDZ0775,2 (Mid),4 Exceeds,50200,Y,8327
SNDZ0776,1 (Jr),3 Meets,36200,N,0
SNDZ0777,3 (Mid),5 Exceeds,72500,Y,3743
SNDZ0778,7 (Admin),4 Exceeds,206100,Y,26179
SNDZ0779,2 (Mid),4 Exceeds,53500,Y,6480
SNDZ0780,5 (Dir),3 Meets,128900,Y,18752
SNDZ0781,4 (Sr),5 Exceeds,90900,Y,16547
SNDZ0782,2 (Mid),2 Below Meets,55700,N,0
SNDZ0783,3 (Mid),4 Exceeds,71800,Y,13499
SNDZ0784,1 (Jr),3 Meets,45000,N,0
SNDZ0785,2 (Mid),3 Meets,50300,N,0
SNDZ0786,1 (Jr),1 Below Meets,37100,N,0
SNDZ0787,2 (Mid),3 Meets,50200,N,0
SNDZ0788,2 (Mid),1 Below Meets,52400,N,0
SNDZ0789,4 (Sr),3 Meets,104200,Y,20158
SNDZ0790,4 (Sr),2 Below Meets,92100,Y,12237
SNDZ0791,3 (Mid),3 Meets,72500,N,0
SNDZ0792,1 (Jr),2 Below Meets,41900,N,0
SNDZ0793,6 (VP),4 Exceeds,171900,Y,31146
SNDZ0794,2 (Mid),4 Exceeds,55700,Y,8251
SNDZ0795,3 (Mid),2 Below Meets,73900,N,0
SNDZ0796,4 (Sr),3 Meets,93900,Y,14779
SNDZ0797,4 (Sr),4 Exceeds,100700,Y,9147
SNDZ0798,3 (Mid),4 Exceeds,70100,Y,11639
SNDZ0799,1 (Jr),4 Exceeds,36200,Y,2099
SNDZ0800,2 (Mid),3 Meets,56700,N,0
SNDZ0801,5 (Dir),3 Meets,135800,Y,20046
SNDZ0802,1 (Jr),3 Meets,37000,N,0
SNDZ0803,3 (Mid),5 Exceeds,68400,Y,8145
SNDZ0804,1 (Jr),3 Meets,39300,N,0
SNDZ0805,4 (Sr),4 Exceeds,97500,Y,10983
SNDZ0806,3 (Mid),3 Meets,68200,N,0
SNDZ0807,3 (Mid),4 Exceeds,76500,N,0
SNDZ0808,2 (Mid),5 Exceeds,55200,Y,5363
SNDZ0809,2 (Mid),2 Below Meets,58100,N,0
SNDZ0810,1 (Jr),5 Exceeds,36200,Y,3500
SNDZ0811,4 (Sr),4 Exceeds,94800,Y,7982
SNDZ0812,2 (Mid),5 Exceeds,55400,Y,3669
SNDZ0813,4 (Sr),4 Exceeds,104700,Y,17008
SNDZ0814,2 (Mid),2 Below Meets,51800,N,0
SNDZ0815,2 (Mid),3 Meets,52800,N,0
SNDZ0816,3 (Mid),4 Exceeds,68800,Y,7539
SNDZ0817,1 (Jr),3 Meets,36200,N,0
SNDZ0818,2 (Mid),3 Meets,50200,N,0
SNDZ0819,5 (Dir),4 Exceeds,137400,Y,16378
SNDZ0820,2 (Mid),3 Meets,50400,N,0
SNDZ0821,5 (Dir),3 Meets,139000,Y,22934
SNDZ0822,3 (Mid),1 Below Meets,68200,N,0
SNDZ0823,5 (Dir),3 Meets,131800,Y,18094
SNDZ0824,2 (Mid),4 Exceeds,50200,Y,7899
SNDZ0825,2 (Mid),3 Meets,50500,N,0
SNDZ0826,1 (Jr),3 Meets,36200,N,0
SNDZ0827,5 (Dir),3 Meets,136400,Y,13884
SNDZ0828,2 (Mid),3 Meets,57900,N,0
SNDZ0829,4 (Sr),1 Below Meets,103800,Y,6142
SNDZ0830,2 (Mid),5 Exceeds,50200,Y,5986
SNDZ0831,1 (Jr),4 Exceeds,44400,Y,8045
SNDZ0832,3 (Mid),5 Exceeds,75600,Y,12618
SNDZ0833,3 (Mid),4 Exceeds,69000,Y,4424
SNDZ0834,4 (Sr),3 Meets,93600,Y,14932
SNDZ0835,4 (Sr),2 Below Meets,102900,Y,19163
SNDZ0836,3 (Mid),3 Meets,77200,N,0
SNDZ0837,4 (Sr),4 Exceeds,96100,Y,9873
SNDZ0838,3 (Mid),3 Meets,72200,N,0
SNDZ0839,1 (Jr),4 Exceeds,37300,Y,2870
SNDZ0840,2 (Mid),3 Meets,50700,N,0
SNDZ0841,1 (Jr),4 Exceeds,37200,N,0
SNDZ0842,6 (VP),3 Meets,165200,Y,16245
SNDZ0843,1 (Jr),2 Below Meets,41100,N,0
SNDZ0844,1 (Jr),2 Below Meets,36600,N,0
SNDZ0845,2 (Mid),4 Exceeds,57400,Y,11003
SNDZ0846,3 (Mid),4 Exceeds,68200,Y,6889
SNDZ0847,1 (Jr),2 Below Meets,37200,N,0
SNDZ0848,5 (Dir),4 Exceeds,125500,Y,8781
SNDZ0849,4 (Sr),3 Meets,103600,Y,15124
SNDZ0850,1 (Jr),3 Meets,36200,N,0
SNDZ0851,3 (Mid),1 Below Meets,79500,N,0
SNDZ0852,3 (Mid),3 Meets,70700,N,0
SNDZ0853,3 (Mid),3 Meets,68200,N,0
SNDZ0854,2 (Mid),4 Exceeds,55500,Y,10145
SNDZ0855,4 (Sr),1 Below Meets,94300,N,0
SNDZ0856,3 (Mid),2 Below Meets,77200,N,0
SNDZ0857,3 (Mid),4 Exceeds,75300,N,0
SNDZ0858,5 (Dir),4 Exceeds,126900,Y,14197
SNDZ0859,5 (Dir),3 Meets,137100,Y,17672
SNDZ0860,2 (Mid),4 Exceeds,53900,Y,2807
SNDZ0861,2 (Mid),2 Below Meets,60300,N,0
SNDZ0862,1 (Jr),4 Exceeds,36200,N,0
SNDZ0863,1 (Jr),3 Meets,40800,N,0
SNDZ0864,1 (Jr),3 Meets,36200,N,0
SNDZ0865,2 (Mid),4 Exceeds,57800,Y,5467
SNDZ0866,1 (Jr),4 Exceeds,42300,Y,6455
SNDZ0867,3 (Mid),1 Below Meets,71100,N,0
SNDZ0868,7 (Admin),3 Meets,221800,Y,31146
SNDZ0869,5 (Dir),3 Meets,128000,Y,16397
SNDZ0870,2 (Mid),3 Meets,57700,N,0
SNDZ0871,3 (Mid),4 Exceeds,69000,Y,4970
SNDZ0872,1 (Jr),5 Exceeds,39600,Y,6232
SNDZ0873,2 (Mid),4 Exceeds,62100,Y,11918
SNDZ0874,4 (Sr),3 Meets,107500,Y,12561
SNDZ0875,1 (Jr),2 Below Meets,38000,N,0
SNDZ0876,6 (VP),3 Meets,176900,Y,10733
SNDZ0877,1 (Jr),4 Exceeds,38600,Y,2592
SNDZ0878,4 (Sr),2 Below Meets,99700,N,0
SNDZ0879,2 (Mid),2 Below Meets,59500,N,0
SNDZ0880,3 (Mid),2 Below Meets,69300,N,0
SNDZ0881,3 (Mid),4 Exceeds,72300,Y,11036
SNDZ0882,3 (Mid),3 Meets,68200,N,0
SNDZ0883,5 (Dir),4 Exceeds,136700,Y,25456
SNDZ0884,3 (Mid),3 Meets,80300,N,0
SNDZ0885,3 (Mid),4 Exceeds,68200,Y,9537
SNDZ0886,6 (VP),3 Meets,177800,Y,11699
SNDZ0887,2 (Mid),3 Meets,50200,N,0
SNDZ0888,3 (Mid),3 Meets,72800,N,0
SNDZ0889,2 (Mid),3 Meets,50200,N,0
SNDZ0890,1 (Jr),3 Meets,42900,N,0
SNDZ0891,2 (Mid),4 Exceeds,55600,Y,8108
SNDZ0892,2 (Mid),3 Meets,55500,N,0
SNDZ0893,3 (Mid),3 Meets,79600,N,0
SNDZ0894,1 (Jr),1 Below Meets,42700,N,0
SNDZ0895,3 (Mid),4 Exceeds,68200,Y,4695
SNDZ0896,2 (Mid),4 Exceeds,50300,Y,7041
SNDZ0897,2 (Mid),2 Below Meets,51700,N,0
SNDZ0898,4 (Sr),4 Exceeds,95600,Y,13929
SNDZ0899,1 (Jr),3 Meets,36200,N,0
SNDZ0900,4 (Sr),4 Exceeds,104100,Y,14434
SNDZ0901,1 (Jr),3 Meets,37700,N,0
SNDZ0902,6 (VP),3 Meets,189200,Y,34569
SNDZ0903,3 (Mid),3 Meets,68600,N,0
SNDZ0904,1 (Jr),2 Below Meets,39400,N,0
SNDZ0905,5 (Dir),5 Exceeds,141500,Y,27458
SNDZ0906,2 (Mid),3 Meets,53600,N,0
SNDZ0907,1 (Jr),3 Meets,36800,N,0
SNDZ0908,4 (Sr),4 Exceeds,106200,Y,6216
SNDZ0909,4 (Sr),4 Exceeds,103300,Y,9951
SNDZ0910,3 (Mid),1 Below Meets,71300,N,0
SNDZ0911,2 (Mid),4 Exceeds,52400,Y,10278
SNDZ0912,1 (Jr),1 Below Meets,37000,N,0
SNDZ0913,4 (Sr),3 Meets,95300,Y,6540
SNDZ0914,6 (VP),4 Exceeds,178700,Y,21727
SNDZ0915,4 (Sr),4 Exceeds,92600,Y,5227
SNDZ0916,2 (Mid),4 Exceeds,57300,N,0
SNDZ0917,4 (Sr),1 Below Meets,103900,Y,15597
SNDZ0918,7 (Admin),3 Meets,225400,Y,18311
SNDZ0919,2 (Mid),3 Meets,50400,N,0
SNDZ0920,2 (Mid),4 Exceeds,51600,N,0
SNDZ0921,5 (Dir),2 Below Meets,135000,Y,25967
SNDZ0922,3 (Mid),4 Exceeds,68200,Y,9446
SNDZ0923,3 (Mid),5 Exceeds,83300,Y,4811
SNDZ0924,4 (Sr),4 Exceeds,107600,Y,11987
SNDZ0925,4 (Sr),4 Exceeds,110700,Y,7814
SNDZ0926,5 (Dir),4 Exceeds,137100,Y,26735
SNDZ0927,1 (Jr),4 Exceeds,43000,Y,2471
SNDZ0928,2 (Mid),3 Meets,50200,N,0
SNDZ0929,5 (Dir),3 Meets,125500,Y,24269
SNDZ0930,7 (Admin),2 Below Meets,212400,N,0
SNDZ0931,2 (Mid),1 Below Meets,51900,N,0
SNDZ0932,1 (Jr),3 Meets,36200,N,0
SNDZ0933,3 (Mid),3 Meets,68200,N,0
SNDZ0934,5 (Dir),3 Meets,124600,Y,19249
SNDZ0935,1 (Jr),1 Below Meets,36700,N,0
SNDZ0936,1 (Jr),4 Exceeds,38100,Y,3591
SNDZ0937,3 (Mid),4 Exceeds,76700,Y,11730
SNDZ0938,1 (Jr),3 Meets,45700,N,0
SNDZ0939,4 (Sr),4 Exceeds,100700,Y,6791
SNDZ0940,3 (Mid),3 Meets,78600,N,0
SNDZ0941,2 (Mid),3 Meets,56400,N,0
SNDZ0942,4 (Sr),1 Below Meets,95900,Y,7954
SNDZ0943,2 (Mid),2 Below Meets,53400,N,0
SNDZ0944,6 (VP),3 Meets,180300,Y,27581
SNDZ0945,3 (Mid),3 Meets,75100,N,0
SNDZ0946,6 (VP),2 Below Meets,176100,Y,32098
SNDZ0947,3 (Mid),5 Exceeds,68200,Y,8055
SNDZ0948,4 (Sr),3 Meets,98300,Y,6270
SNDZ0949,2 (Mid),3 Meets,54200,N,0
SNDZ0950,4 (Sr),5 Exceeds,109600,Y,13138
SNDZ0951,3 (Mid),2 Below Meets,81900,N,0
SNDZ0952,4 (Sr),3 Meets,95100,Y,14601
SNDZ0953,3 (Mid),3 Meets,70300,N,0
SNDZ0954,2 (Mid),2 Below Meets,50200,N,0
SNDZ0955,5 (Dir),3 Meets,132900,Y,11358
SNDZ0956,1 (Jr),4 Exceeds,37300,Y,3093
SNDZ0957,3 (Mid),3 Meets,69400,N,0
SNDZ0958,2 (Mid),4 Exceeds,55300,Y,9918
SNDZ0959,6 (VP),4 Exceeds,158200,Y,17439
SNDZ0960,3 (Mid),3 Meets,80500,N,0
SNDZ0961,4 (Sr),3 Meets,106700,Y,10933
SNDZ0962,5 (Dir),3 Meets,127600,Y,9435
SNDZ0963,3 (Mid),3 Meets,71800,N,0
SNDZ0964,2 (Mid),4 Exceeds,57100,Y,8891
SNDZ0965,3 (Mid),3 Meets,71400,N,0
SNDZ0966,2 (Mid),3 Meets,50200,N,0
SNDZ0967,2 (Mid),2 Below Meets,51000,N,0
SNDZ0968,1 (Jr),5 Exceeds,36200,Y,3578
SNDZ0969,2 (Mid),4 Exceeds,52600,Y,8580
SNDZ0970,3 (Mid),3 Meets,69700,N,0
SNDZ0971,3 (Mid),3 Meets,73300,N,0
SNDZ0972,4 (Sr),3 Meets,97200,Y,15290
SNDZ0973,5 (Dir),3 Meets,130600,Y,7362
SNDZ0974,4 (Sr),4 Exceeds,109600,Y,7433
SNDZ0975,3 (Mid),3 Meets,71600,N,0
SNDZ0976,3 (Mid),3 Meets,71900,N,0
SNDZ0977,4 (Sr),2 Below Meets,106200,Y,9725
SNDZ0978,2 (Mid),4 Exceeds,56400,Y,5227
SNDZ0979,3 (Mid),3 Meets,73400,N,0
SNDZ0980,1 (Jr),5 Exceeds,38500,Y,3598
SNDZ0981,5 (Dir),3 Meets,142600,Y,7911
SNDZ0982,2 (Mid),2 Below Meets,55000,N,0
SNDZ0983,1 (Jr),3 Meets,36200,N,0
SNDZ0984,6 (VP),1 Below Meets,163300,Y,23857
SNDZ0985,2 (Mid),4 Exceeds,53300,Y,8442
SNDZ0986,6 (VP),2 Below Meets,167500,Y,28558
SNDZ0987,2 (Mid),4 Exceeds,51000,Y,6814
SNDZ0988,2 (Mid),1 Below Meets,56900,N,0
SNDZ0989,3 (Mid),1 Below Meets,68200,N,0
SNDZ0990,5 (Dir),2 Below Meets,138500,N,0
SNDZ0991,1 (Jr),3 Meets,36200,N,0
SNDZ0992,1 (Jr),3 Meets,38400,N,0
SNDZ0993,2 (Mid),1 Below Meets,55100,N,0
SNDZ0994,4 (Sr),3 Meets,106100,Y,9264
SNDZ0995,3 (Mid),3 Meets,68200,N,0
SNDZ0996,3 (Mid),4 Exceeds,68500,Y,8372
SNDZ0997,3 (Mid),3 Meets,68600,N,0
SNDZ0998,3 (Mid),3 Meets,76500,N,0
SNDZ0999,2 (Mid),3 Meets,53500,N,0
SNDZ1000,2 (Mid),3 Meets,52700,N,0
SNDZ1001,1 (Jr),5 Exceeds,39800,Y,4082
SNDZ1002,6 (VP),3 Meets,174600,Y,22149
SNDZ1003,3 (Mid),4 Exceeds,82800,N,0
SNDZ1004,2 (Mid),2 Below Meets,53100,N,0
SNDZ1005,3 (Mid),1 Below Meets,68200,N,0
SNDZ1006,5 (Dir),4 Exceeds,120200,Y,21964
SNDZ1007,1 (Jr),4 Exceeds,36500,Y,4179
SNDZ1008,2 (Mid),3 Meets,51200,N,0
SNDZ1009,4 (Sr),5 Exceeds,100700,Y,5145
SNDZ1010,6 (VP),3 Meets,179100,Y,18914
SNDZ1011,1 (Jr),1 Below Meets,40400,N,0
SNDZ1012,1 (Jr),3 Meets,40400,N,0
SNDZ1013,2 (Mid),3 Meets,57200,N,0
SNDZ1014,2 (Mid),3 Meets,54800,N,0
SNDZ1015,3 (Mid),5 Exceeds,69800,Y,10282
SNDZ1016,5 (Dir),5 Exceeds,144300,Y,13309
SNDZ1017,4 (Sr),5 Exceeds,90800,Y,5720
SNDZ1018,4 (Sr),2 Below Meets,101400,N,0
SNDZ1019,1 (Jr),4 Exceeds,37600,Y,2021
SNDZ1020,3 (Mid),3 Meets,75000,N,0
SNDZ1021,4 (Sr),1 Below Meets,103500,Y,10368
SNDZ1022,1 (Jr),4 Exceeds,42400,Y,4735
SNDZ1023,5 (Dir),3 Meets,125700,Y,17217
SNDZ1024,6 (VP),5 Exceeds,176200,Y,13106
SNDZ1025,4 (Sr),1 Below Meets,100500,Y,7643
SNDZ1026,4 (Sr),3 Meets,103400,Y,6662
SNDZ1027,3 (Mid),3 Meets,68200,N,0
SNDZ1028,3 (Mid),4 Exceeds,72000,Y,6801
SNDZ1029,6 (VP),4 Exceeds,181100,Y,28894
SNDZ1030,5 (Dir),2 Below Meets,140400,N,0
SNDZ1031,2 (Mid),4 Exceeds,50200,N,0
SNDZ1032,3 (Mid),5 Exceeds,71000,Y,9713
SNDZ1033,3 (Mid),3 Meets,68200,N,0
SNDZ1034,3 (Mid),2 Below Meets,76000,N,0
SNDZ1035,3 (Mid),3 Meets,75600,N,0
SNDZ1036,1 (Jr),2 Below Meets,45100,N,0
SNDZ1037,2 (Mid),3 Meets,52000,N,0
SNDZ1038,1 (Jr),4 Exceeds,39100,Y,7309
SNDZ1039,6 (VP),2 Below Meets,173100,Y,17289
SNDZ1040,2 (Mid),3 Meets,55500,N,0
SNDZ1041,4 (Sr),3 Meets,94100,Y,9328
SNDZ1042,6 (VP),3 Meets,166900,Y,25184
SNDZ1043,1 (Jr),3 Meets,39800,N,0
SNDZ1044,5 (Dir),3 Meets,143200,Y,21793
SNDZ1045,5 (Dir),2 Below Meets,120200,Y,20929
SNDZ1046,2 (Mid),3 Meets,55400,N,0
SNDZ1047,4 (Sr),3 Meets,98800,Y,13936
SNDZ1048,3 (Mid),2 Below Meets,72400,N,0
SNDZ1049,6 (VP),3 Meets,174100,Y,25134
SNDZ1050,3 (Mid),4 Exceeds,73400,Y,9998
SNDZ1051,3 (Mid),4 Exceeds,72800,Y,7757
SNDZ1052,1 (Jr),4 Exceeds,39700,Y,4278
SNDZ1053,1 (Jr),3 Meets,40800,N,0
SNDZ1054,1 (Jr),5 Exceeds,38400,N,0
SNDZ1055,2 (Mid),3 Meets,51500,N,0
SNDZ1056,1 (Jr),4 Exceeds,40600,Y,5244
SNDZ1057,6 (VP),3 Meets,177100,Y,34390
SNDZ1058,4 (Sr),3 Meets,105800,Y,10753
SNDZ1059,4 (Sr),5 Exceeds,102100,Y,12715
SNDZ1060,6 (VP),2 Below Meets,172600,Y,27634
SNDZ1061,2 (Mid),3 Meets,53300,N,0
SNDZ1062,2 (Mid),3 Meets,50200,N,0
SNDZ1063,4 (Sr),3 Meets,95100,Y,9535
SNDZ1064,1 (Jr),5 Exceeds,39700,Y,2036
SNDZ1065,4 (Sr),5 Exceeds,110500,Y,21846
SNDZ1066,4 (Sr),2 Below Meets,104600,N,0
SNDZ1067,1 (Jr),4 Exceeds,45100,Y,3852
SNDZ1068,5 (Dir),3 Meets,131800,Y,23735
SNDZ1069,4 (Sr),5 Exceeds,92800,Y,14176
SNDZ1070,6 (VP),2 Below Meets,166800,Y,26990
SNDZ1071,2 (Mid),2 Below Meets,52500,N,0
SNDZ1072,4 (Sr),4 Exceeds,93200,Y,11389
SNDZ1073,4 (Sr),5 Exceeds,111500,Y,13381
SNDZ1074,1 (Jr),3 Meets,40200,N,0
SNDZ1075,4 (Sr),3 Meets,103700,Y,10406
SNDZ1076,1 (Jr),3 Meets,40200,N,0
SNDZ1077,2 (Mid),3 Meets,51100,N,0
SNDZ1078,3 (Mid),3 Meets,68200,N,0
SNDZ1079,2 (Mid),3 Meets,50200,N,0
SNDZ1080,2 (Mid),4 Exceeds,51500,Y,3732
SNDZ1081,1 (Jr),3 Meets,36200,N,0
SNDZ1082,3 (Mid),2 Below Meets,78700,N,0
SNDZ1083,3 (Mid),5 Exceeds,71000,Y,5926
SNDZ1084,4 (Sr),4 Exceeds,106900,Y,17401
SNDZ1085,6 (VP),1 Below Meets,180600,Y,27348
SNDZ1086,2 (Mid),3 Meets,60200,N,0
SNDZ1087,7 (Admin),4 Exceeds,231700,Y,21548
SNDZ1088,4 (Sr),3 Meets,92500,Y,9437
SNDZ1089,3 (Mid),3 Meets,71700,N,0
SNDZ1090,4 (Sr),2 Below Meets,99700,Y,13882
SNDZ1091,2 (Mid),5 Exceeds,57100,Y,11321
SNDZ1092,1 (Jr),4 Exceeds,36200,Y,4540
SNDZ1093,1 (Jr),3 Meets,37200,N,0
SNDZ1094,7 (Admin),4 Exceeds,220300,Y,11952
SNDZ1095,5 (Dir),5 Exceeds,124200,Y,24683
SNDZ1096,1 (Jr),5 Exceeds,36200,Y,2174
SNDZ1097,2 (Mid),3 Meets,56600,N,0
SNDZ1098,2 (Mid),4 Exceeds,53300,Y,9457
SNDZ1099,1 (Jr),3 Meets,36200,N,0
SNDZ1100,5 (Dir),5 Exceeds,127800,Y,18780
SNDZ1101,2 (Mid),4 Exceeds,50200,N,0
SNDZ1102,7 (Admin),2 Below Meets,224300,Y,14487
SNDZ1103,5 (Dir),1 Below Meets,132600,Y,25855
SNDZ1104,3 (Mid),3 Meets,74400,N,0
SNDZ1105,4 (Sr),3 Meets,96000,Y,16123
SNDZ1106,3 (Mid),5 Exceeds,73900,Y,11278
SNDZ1107,6 (VP),5 Exceeds,177100,Y,34382
SNDZ1108,2 (Mid),3 Meets,54900,N,0
SNDZ1109,4 (Sr),5 Exceeds,93600,Y,18349
SNDZ1110,4 (Sr),4 Exceeds,113000,Y,21870
SNDZ1111,4 (Sr),2 Below Meets,103800,Y,8312
SNDZ1112,3 (Mid),2 Below Meets,73300,N,0
SNDZ1113,2 (Mid),4 Exceeds,53200,N,0
SNDZ1114,5 (Dir),3 Meets,135900,Y,13513
SNDZ1115,7 (Admin),3 Meets,222800,Y,34769
SNDZ1116,5 (Dir),4 Exceeds,132500,Y,23277
SNDZ1117,2 (Mid),1 Below Meets,53400,N,0
SNDZ1118,1 (Jr),4 Exceeds,40000,Y,5520
SNDZ1119,3 (Mid),2 Below Meets,80500,N,0
SNDZ1120,2 (Mid),3 Meets,54600,N,0
SNDZ1121,5 (Dir),3 Meets,131500,Y,9205
SNDZ1122,3 (Mid),3 Meets,68200,N,0
SNDZ1123,4 (Sr),4 Exceeds,103800,Y,7513
SNDZ1124,6 (VP),3 Meets,162200,Y,25910
SNDZ1125,4 (Sr),4 Exceeds,107000,Y,12429
SNDZ1126,2 (Mid),3 Meets,50900,N,0
SNDZ1127,2 (Mid),5 Exceeds,59000,Y,4055
SNDZ1128,4 (Sr),4 Exceeds,98300,Y,12082
SNDZ1129,3 (Mid),5 Exceeds,68200,Y,10725
SNDZ1130,1 (Jr),3 Meets,39400,N,0
SNDZ1131,4 (Sr),3 Meets,90200,Y,17460
SNDZ1132,6 (VP),5 Exceeds,179900,Y,12507
SNDZ1133,3 (Mid),5 Exceeds,68200,Y,12270
SNDZ1134,1 (Jr),3 Meets,36200,N,0
SNDZ1135,3 (Mid),3 Meets,71200,N,0
SNDZ1136,5 (Dir),3 Meets,140300,Y,9172
SNDZ1137,3 (Mid),4 Exceeds,69800,Y,6401
SNDZ1138,3 (Mid),3 Meets,69200,N,0
SNDZ1139,1 (Jr),3 Meets,42400,N,0
SNDZ1140,1 (Jr),3 Meets,38700,N,0
SNDZ1141,3 (Mid),3 Meets,70800,N,0
SNDZ1142,3 (Mid),5 Exceeds,75000,Y,7988
SNDZ1143,1 (Jr),3 Meets,40000,N,0
SNDZ1144,1 (Jr),4 Exceeds,43700,Y,5729
SNDZ1145,4 (Sr),2 Below Meets,91700,N,0
SNDZ1146,7 (Admin),3 Meets,215900,Y,15049
SNDZ1147,4 (Sr),5 Exceeds,93700,Y,14573
SNDZ1148,2 (Mid),3 Meets,51700,N,0
SNDZ1149,3 (Mid),3 Meets,71200,N,0
SNDZ1150,1 (Jr),4 Exceeds,36400,Y,5573
SNDZ1151,3 (Mid),4 Exceeds,68700,Y,4390
SNDZ1152,2 (Mid),4 Exceeds,50200,Y,5022
SNDZ1153,7 (Admin),5 Exceeds,237000,Y,18041
SNDZ1154,4 (Sr),3 Meets,103300,Y,13505
SNDZ1155,4 (Sr),4 Exceeds,102300,Y,15859
SNDZ1156,2 (Mid),4 Exceeds,50200,Y,9479
SNDZ1157,3 (Mid),4 Exceeds,79200,Y,13979
SNDZ1158,1 (Jr),2 Below Meets,39700,N,0
SNDZ1159,4 (Sr),4 Exceeds,97400,Y,9130
SNDZ1160,6 (VP),3 Meets,164300,Y,25901
SNDZ1161,2 (Mid),5 Exceeds,54400,Y,4832
SNDZ1162,2 (Mid),4 Exceeds,51500,Y,8920
SNDZ1163,3 (Mid),4 Exceeds,73900,Y,11649
SNDZ1164,1 (Jr),3 Meets,37600,N,0
SNDZ1165,7 (Admin),2 Below Meets,212000,Y,24529
SNDZ1166,3 (Mid),3 Meets,68200,N,0
SNDZ1167,1 (Jr),4 Exceeds,37300,Y,4510
SNDZ1168,3 (Mid),3 Meets,81300,N,0
SNDZ1169,3 (Mid),3 Meets,69300,N,0
SNDZ1170,2 (Mid),4 Exceeds,57500,Y,6789
SNDZ1171,5 (Dir),3 Meets,140200,Y,22222
SNDZ1172,1 (Jr),4 Exceeds,38000,Y,7353
SNDZ1173,2 (Mid),3 Meets,56100,N,0
SNDZ1174,3 (Mid),2 Below Meets,74900,N,0
SNDZ1175,3 (Mid),1 Below Meets,75000,N,0
SNDZ1176,3 (Mid),3 Meets,74100,N,0
SNDZ1177,1 (Jr),3 Meets,42200,N,0
SNDZ1178,3 (Mid),2 Below Meets,73600,N,0
SNDZ1179,4 (Sr),3 Meets,110300,Y,15659
SNDZ1180,3 (Mid),4 Exceeds,76200,Y,13991
SNDZ1181,3 (Mid),3 Meets,70000,N,0
SNDZ1182,2 (Mid),3 Meets,55800,N,0
SNDZ1183,1 (Jr),1 Below Meets,37500,N,0
SNDZ1184,4 (Sr),4 Exceeds,106400,Y,19845
SNDZ1185,5 (Dir),2 Below Meets,127800,Y,15045
SNDZ1186,3 (Mid),3 Meets,69200,N,0
SNDZ1187,4 (Sr),2 Below Meets,103500,Y,19385
SNDZ1188,4 (Sr),4 Exceeds,103300,Y,13578
SNDZ1189,2 (Mid),3 Meets,51300,N,0
SNDZ1190,3 (Mid),1 Below Meets,68200,N,0
SNDZ1191,4 (Sr),3 Meets,104500,Y,18274
SNDZ1192,2 (Mid),4 Exceeds,52000,Y,7927
SNDZ1193,4 (Sr),4 Exceeds,112600,Y,7346
SNDZ1194,3 (Mid),4 Exceeds,68200,Y,8581
SNDZ1195,2 (Mid),3 Meets,53700,N,0
SNDZ1196,2 (Mid),3 Meets,56500,N,0
SNDZ1197,6 (VP),3 Meets,173100,Y,18981
SNDZ1198,2 (Mid),3 Meets,52900,N,0
SNDZ1199,3 (Mid),2 Below Meets,68800,N,0
SNDZ1200,3 (Mid),3 Meets,73000,N,0
SNDZ1201,4 (Sr),3 Meets,90200,Y,8832
SNDZ1202,7 (Admin),5 Exceeds,227000,Y,22645
SNDZ1203,1 (Jr),4 Exceeds,40900,Y,3462
SNDZ1204,5 (Dir),3 Meets,140700,Y,24801
SNDZ1205,4 (Sr),4 Exceeds,97700,Y,16010
SNDZ1206,3 (Mid),4 Exceeds,68200,Y,4174
SNDZ1207,6 (VP),4 Exceeds,180600,Y,23644
SNDZ1208,2 (Mid),4 Exceeds,50200,Y,4125
SNDZ1209,1 (Jr),4 Exceeds,38100,Y,6919
SNDZ1210,3 (Mid),3 Meets,68200,N,0
SNDZ1211,3 (Mid),1 Below Meets,75700,N,0
SNDZ1212,2 (Mid),4 Exceeds,51600,Y,4485
SNDZ1213,4 (Sr),3 Meets,103500,Y,16048
SNDZ1214,3 (Mid),3 Meets,68200,N,0
SNDZ1215,1 (Jr),3 Meets,36200,N,0
SNDZ1216,3 (Mid),4 Exceeds,69200,Y,8569
SNDZ1217,5 (Dir),4 Exceeds,136600,Y,9781
SNDZ1218,1 (Jr),3 Meets,40800,N,0
SNDZ1219,4 (Sr),3 Meets,104700,Y,5509
SNDZ1220,2 (Mid),1 Below Meets,53700,N,0
SNDZ1221,4 (Sr),3 Meets,95100,Y,11630
SNDZ1222,5 (Dir),3 Meets,128500,Y,6534
SNDZ1223,5 (Dir),3 Meets,121000,Y,10190
SNDZ1224,2 (Mid),3 Meets,57200,N,0
SNDZ1225,6 (VP),4 Exceeds,174600,Y,17168
SNDZ1226,2 (Mid),5 Exceeds,56000,Y,3375
SNDZ1227,4 (Sr),3 Meets,111100,Y,17221
SNDZ1228,3 (Mid),4 Exceeds,72100,Y,7686
SNDZ1229,7 (Admin),4 Exceeds,221800,Y,15525
SNDZ1230,1 (Jr),3 Meets,37500,N,0
SNDZ1231,7 (Admin),5 Exceeds,227100,Y,36866
SNDZ1232,1 (Jr),3 Meets,40900,N,0
SNDZ1233,2 (Mid),3 Meets,52700,N,0
SNDZ1234,3 (Mid),3 Meets,79400,N,0
SNDZ1235,6 (VP),4 Exceeds,183600,Y,25618
SNDZ1236,2 (Mid),4 Exceeds,50500,Y,8333
SNDZ1237,4 (Sr),3 Meets,105000,Y,18007
SNDZ1238,3 (Mid),3 Meets,81100,N,0
SNDZ1239,2 (Mid),3 Meets,56900,N,0
SNDZ1240,5 (Dir),3 Meets,141500,Y,16567
SNDZ1241,2 (Mid),3 Meets,52100,N,0
SNDZ1242,6 (VP),2 Below Meets,176400,Y,26219
SNDZ1243,3 (Mid),4 Exceeds,69400,Y,10597
SNDZ1244,1 (Jr),3 Meets,37000,N,0
SNDZ1245,4 (Sr),5 Exceeds,101400,Y,14452
SNDZ1246,2 (Mid),4 Exceeds,50200,Y,3141
SNDZ1247,5 (Dir),1 Below Meets,145400,Y,26642
SNDZ1248,2 (Mid),3 Meets,51500,N,0
SNDZ1249,2 (Mid),3 Meets,55000,N,0
SNDZ1250,3 (Mid),3 Meets,69400,N,0
SNDZ1251,4 (Sr),3 Meets,106300,Y,14180
SNDZ1252,4 (Sr),1 Below Meets,112000,N,0
SNDZ1253,2 (Mid),3 Meets,55000,N,0
SNDZ1254,4 (Sr),3 Meets,103700,Y,11176
SNDZ1255,1 (Jr),3 Meets,37800,N,0
SNDZ1256,2 (Mid),4 Exceeds,50200,Y,6625
SNDZ1257,2 (Mid),3 Meets,51100,N,0
SNDZ1258,5 (Dir),4 Exceeds,134800,Y,12157
SNDZ1259,1 (Jr),4 Exceeds,39600,Y,5846
SNDZ1260,2 (Mid),3 Meets,51000,N,0
SNDZ1261,2 (Mid),4 Exceeds,52000,Y,10022
SNDZ1262,2 (Mid),3 Meets,50200,N,0
SNDZ1263,2 (Mid),2 Below Meets,50200,N,0
SNDZ1264,5 (Dir),3 Meets,135500,Y,6937
SNDZ1265,4 (Sr),3 Meets,97200,Y,10092
SNDZ1266,3 (Mid),4 Exceeds,80300,N,0
SNDZ1267,1 (Jr),2 Below Meets,44500,N,0
SNDZ1268,1 (Jr),5 Exceeds,36200,Y,4206
SNDZ1269,4 (Sr),1 Below Meets,105000,Y,9833
SNDZ1270,3 (Mid),3 Meets,69900,N,0
SNDZ1271,4 (Sr),4 Exceeds,96900,Y,15027
SNDZ1272,5 (Dir),3 Meets,122800,Y,17335
SNDZ1273,2 (Mid),4 Exceeds,56000,Y,7172
SNDZ1274,4 (Sr),2 Below Meets,101600,N,0
SNDZ1275,3 (Mid),3 Meets,70100,N,0
SNDZ1276,4 (Sr),3 Meets,106500,Y,13378
SNDZ1277,4 (Sr),2 Below Meets,92000,Y,17118
SNDZ1278,4 (Sr),1 Below Meets,93300,Y,8319
SNDZ1279,2 (Mid),1 Below Meets,63700,N,0
SNDZ1280,2 (Mid),5 Exceeds,53000,Y,5038
SNDZ1281,1 (Jr),3 Meets,36300,N,0
SNDZ1282,1 (Jr),3 Meets,36200,N,0
SNDZ1283,1 (Jr),4 Exceeds,36500,Y,2365
SNDZ1284,4 (Sr),3 Meets,106500,Y,9556
SNDZ1285,1 (Jr),2 Below Meets,41500,N,0
SNDZ1286,3 (Mid),4 Exceeds,73100,Y,10985
SNDZ1287,4 (Sr),5 Exceeds,100400,Y,13946
SNDZ1288,3 (Mid),1 Below Meets,75700,N,0
SNDZ1289,7 (Admin),4 Exceeds,220500,Y,37697
SNDZ1290,2 (Mid),3 Meets,50200,N,0
SNDZ1291,1 (Jr),3 Meets,39300,N,0
SNDZ1292,3 (Mid),3 Meets,75700,N,0
SNDZ1293,2 (Mid),3 Meets,54700,N,0
SNDZ1294,3 (Mid),2 Below Meets,73500,N,0
SNDZ1295,3 (Mid),2 Below Meets,68600,N,0
SNDZ1296,2 (Mid),4 Exceeds,51900,Y,4603
SNDZ1297,5 (Dir),4 Exceeds,132900,Y,23646
SNDZ1298,1 (Jr),5 Exceeds,36200,Y,2674
SNDZ1299,6 (VP),3 Meets,182600,Y,21794
SNDZ1300,4 (Sr),3 Meets,100700,Y,15124
SNDZ1301,2 (Mid),3 Meets,51400,N,0
SNDZ1302,3 (Mid),3 Meets,73000,N,0
SNDZ1303,4 (Sr),4 Exceeds,97600,Y,7267
SNDZ1304,4 (Sr),3 Meets,93400,Y,15185
SNDZ1305,5 (Dir),2 Below Meets,137200,Y,22936
SNDZ1306,2 (Mid),4 Exceeds,55400,Y,8804
SNDZ1307,5 (Dir),3 Meets,143600,Y,13018
SNDZ1308,6 (VP),3 Meets,160300,Y,31707
SNDZ1309,2 (Mid),2 Below Meets,51800,N,0
SNDZ1310,2 (Mid),5 Exceeds,50200,Y,3295
SNDZ1311,4 (Sr),1 Below Meets,109600,Y,9355
SNDZ1312,4 (Sr),3 Meets,107100,Y,17268
SNDZ1313,3 (Mid),3 Meets,70700,N,0
SNDZ1314,1 (Jr),1 Below Meets,36900,N,0
SNDZ1315,4 (Sr),4 Exceeds,102000,Y,6207
SNDZ1316,4 (Sr),3 Meets,99300,Y,15886
SNDZ1317,1 (Jr),5 Exceeds,40800,Y,2576
SNDZ1318,4 (Sr),3 Meets,103700,Y,17898
SNDZ1319,5 (Dir),3 Meets,140600,Y,25684
SNDZ1320,2 (Mid),3 Meets,50200,N,0
SNDZ1321,3 (Mid),2 Below Meets,68200,N,0
SNDZ1322,4 (Sr),3 Meets,101600,Y,15101
SNDZ1323,5 (Dir),3 Meets,139300,Y,7266
SNDZ1324,1 (Jr),5 Exceeds,41000,Y,5753
SNDZ1325,5 (Dir),4 Exceeds,120200,Y,9564
SNDZ1326,3 (Mid),3 Meets,69000,N,0
SNDZ1327,4 (Sr),4 Exceeds,105600,Y,16618
SNDZ1328,4 (Sr),4 Exceeds,92700,Y,16480
SNDZ1329,3 (Mid),3 Meets,76800,N,0
SNDZ1330,6 (VP),4 Exceeds,165600,Y,11764
SNDZ1331,5 (Dir),3 Meets,133500,Y,9835
SNDZ1332,3 (Mid),3 Meets,68200,N,0
SNDZ1333,3 (Mid),4 Exceeds,73600,Y,10136
SNDZ1334,4 (Sr),3 Meets,102600,Y,6022
SNDZ1335,2 (Mid),3 Meets,50200,N,0
SNDZ1336,1 (Jr),1 Below Meets,44800,N,0
SNDZ1337,2 (Mid),3 Meets,52900,N,0
SNDZ1338,6 (VP),3 Meets,187100,Y,34975
SNDZ1339,4 (Sr),2 Below Meets,109900,Y,13639
SNDZ1340,3 (Mid),1 Below Meets,69300,N,0
SNDZ1341,5 (Dir),3 Meets,124900,Y,22858
SNDZ1342,1 (Jr),1 Below Meets,36200,N,0
SNDZ1343,5 (Dir),4 Exceeds,138200,Y,13404
SNDZ1344,3 (Mid),3 Meets,72000,N,0
SNDZ1345,2 (Mid),5 Exceeds,55700,Y,2818
SNDZ1346,1 (Jr),3 Meets,38700,N,0
SNDZ1347,4 (Sr),3 Meets,103000,Y,5794
SNDZ1348,3 (Mid),5 Exceeds,68200,Y,5354
SNDZ1349,5 (Dir),1 Below Meets,134500,Y,19889
SNDZ1350,2 (Mid),4 Exceeds,58500,Y,7426
SNDZ1351,2 (Mid),3 Meets,50400,N,0
SNDZ1352,1 (Jr),3 Meets,37700,N,0
SNDZ1353,1 (Jr),3 Meets,39400,N,0
SNDZ1354,1 (Jr),3 Meets,36200,N,0
SNDZ1355,3 (Mid),3 Meets,75200,N,0
SNDZ1356,1 (Jr),3 Meets,37900,N,0
SNDZ1357,3 (Mid),4 Exceeds,69000,Y,5079
SNDZ1358,3 (Mid),2 Below Meets,68700,N,0
SNDZ1359,4 (Sr),5 Exceeds,104800,Y,17978
SNDZ1360,1 (Jr),3 Meets,38000,N,0
SNDZ1361,2 (Mid),2 Below Meets,52900,N,0
SNDZ1362,2 (Mid),3 Meets,52200,N,0
SNDZ1363,2 (Mid),4 Exceeds,57200,Y,3863
SNDZ1364,2 (Mid),4 Exceeds,54000,Y,2908
SNDZ1365,3 (Mid),3 Meets,74400,N,0
SNDZ1366,4 (Sr),3 Meets,106100,Y,8268
SNDZ1367,2 (Mid),1 Below Meets,51000,N,0
SNDZ1368,1 (Jr),3 Meets,36200,N,0
SNDZ1369,3 (Mid),2 Below Meets,69600,N,0
SNDZ1370,3 (Mid),2 Below Meets,76200,N,0
SNDZ1371,3 (Mid),4 Exceeds,69100,Y,12123
SNDZ1372,5 (Dir),3 Meets,134800,Y,8767
SNDZ1373,5 (Dir),2 Below Meets,139300,N,0
SNDZ1374,1 (Jr),3 Meets,38800,N,0
SNDZ1375,3 (Mid),3 Meets,74300,N,0
SNDZ1376,1 (Jr),4 Exceeds,36200,Y,2309
SNDZ1377,4 (Sr),5 Exceeds,98400,Y,18016
SNDZ1378,3 (Mid),2 Below Meets,68200,N,0
SNDZ1379,1 (Jr),3 Meets,39300,N,0
SNDZ1380,1 (Jr),3 Meets,40400,N,0
SNDZ1381,1 (Jr),3 Meets,40800,N,0
SNDZ1382,1 (Jr),1 Below Meets,39500,N,0
SNDZ1383,5 (Dir),1 Below Meets,124700,Y,19877
SNDZ1384,1 (Jr),3 Meets,37300,N,0
SNDZ1385,3 (Mid),3 Meets,69100,N,0
SNDZ1386,5 (Dir),3 Meets,129100,Y,7013
SNDZ1387,4 (Sr),3 Meets,110300,Y,7376
SNDZ1388,2 (Mid),3 Meets,53100,N,0
SNDZ1389,1 (Jr),3 Meets,37600,N,0
SNDZ1390,1 (Jr),3 Meets,42900,N,0
SNDZ1391,5 (Dir),4 Exceeds,136200,Y,11233
SNDZ1392,3 (Mid),3 Meets,77600,N,0
SNDZ1393,1 (Jr),2 Below Meets,43400,N,0
SNDZ1394,3 (Mid),4 Exceeds,75000,Y,10467
SNDZ1395,4 (Sr),3 Meets,106300,Y,15727
SNDZ1396,4 (Sr),4 Exceeds,104800,Y,13893
SNDZ1397,1 (Jr),3 Meets,40700,N,0
SNDZ1398,5 (Dir),3 Meets,124300,Y,21103
SNDZ1399,2 (Mid),3 Meets,56200,N,0
SNDZ1400,3 (Mid),3 Meets,68200,N,0
SNDZ1401,2 (Mid),3 Meets,53800,N,0
SNDZ1402,4 (Sr),1 Below Meets,100000,Y,12834
SNDZ1403,2 (Mid),2 Below Meets,53400,N,0
SNDZ1404,6 (VP),3 Meets,178600,Y,22210
SNDZ1405,2 (Mid),4 Exceeds,50300,Y,3366
SNDZ1406,2 (Mid),4 Exceeds,64100,Y,11852
SNDZ1407,5 (Dir),2 Below Meets,139800,Y,13564
SNDZ1408,4 (Sr),4 Exceeds,100000,Y,12332
SNDZ1409,5 (Dir),4 Exceeds,137800,Y,11282
SNDZ1410,5 (Dir),3 Meets,137000,Y,22717
SNDZ1411,1 (Jr),5 Exceeds,39000,Y,3746
SNDZ1412,2 (Mid),4 Exceeds,50300,Y,6160
SNDZ1413,5 (Dir),2 Below Meets,142200,Y,17172
SNDZ1414,2 (Mid),4 Exceeds,54700,Y,5134
SNDZ1415,4 (Sr),3 Meets,92500,Y,12649
SNDZ1416,4 (Sr),4 Exceeds,102300,Y,10530
SNDZ1417,4 (Sr),4 Exceeds,102500,Y,12013
SNDZ1418,4 (Sr),2 Below Meets,103500,Y,19141
SNDZ1419,1 (Jr),3 Meets,36200,N,0
SNDZ1420,5 (Dir),4 Exceeds,141200,Y,26334
SNDZ1421,1 (Jr),3 Meets,36200,N,0
SNDZ1422,2 (Mid),3 Meets,50200,N,0
SNDZ1423,2 (Mid),3 Meets,50200,N,0
SNDZ1424,1 (Jr),3 Meets,43500,N,0
SNDZ1425,1 (Jr),4 Exceeds,41700,Y,7448
SNDZ1426,1 (Jr),3 Meets,38400,N,0
SNDZ1427,3 (Mid),3 Meets,71900,N,0
SNDZ1428,1 (Jr),3 Meets,45200,N,0
SNDZ1429,3 (Mid),3 Meets,68300,N,0
SNDZ1430,6 (VP),3 Meets,190100,Y,19248
SNDZ1431,1 (Jr),3 Meets,41700,N,0
SNDZ1432,5 (Dir),2 Below Meets,135400,N,0
SNDZ1433,2 (Mid),3 Meets,50200,N,0
SNDZ1434,4 (Sr),3 Meets,93500,Y,13584
SNDZ1435,2 (Mid),4 Exceeds,57400,Y,7394
SNDZ1436,2 (Mid),1 Below Meets,50700,N,0
SNDZ1437,1 (Jr),4 Exceeds,37400,Y,6283
SNDZ1438,1 (Jr),3 Meets,37900,N,0
SNDZ1439,2 (Mid),1 Below Meets,58500,N,0
SNDZ1440,2 (Mid),5 Exceeds,63800,Y,7438
SNDZ1441,4 (Sr),2 Below Meets,97200,N,0
SNDZ1442,2 (Mid),3 Meets,54700,N,0
SNDZ1443,2 (Mid),5 Exceeds,50600,Y,6508
SNDZ1444,3 (Mid),1 Below Meets,68200,N,0
SNDZ1445,3 (Mid),3 Meets,69900,N,0
SNDZ1446,2 (Mid),4 Exceeds,52900,N,0
SNDZ1447,6 (VP),1 Below Meets,174500,Y,29142
SNDZ1448,3 (Mid),3 Meets,75400,N,0
SNDZ1449,4 (Sr),2 Below Meets,105000,Y,10115
SNDZ1450,4 (Sr),4 Exceeds,95200,Y,16956
SNDZ1451,2 (Mid),3 Meets,50500,N,0
SNDZ1452,5 (Dir),3 Meets,138600,Y,19348
SNDZ1453,4 (Sr),2 Below Meets,104300,Y,10571
SNDZ1454,3 (Mid),4 Exceeds,75400,Y,14195
SNDZ1455,3 (Mid),4 Exceeds,71300,Y,9379
SNDZ1456,2 (Mid),5 Exceeds,52800,Y,6952
SNDZ1457,4 (Sr),3 Meets,105900,Y,17417
SNDZ1458,2 (Mid),3 Meets,53200,N,0
SNDZ1459,2 (Mid),3 Meets,51700,N,0
SNDZ1460,1 (Jr),4 Exceeds,36500,Y,4478
SNDZ1461,5 (Dir),2 Below Meets,134000,Y,15118
SNDZ1462,2 (Mid),3 Meets,50600,N,0
SNDZ1463,1 (Jr),4 Exceeds,37000,Y,2201
SNDZ1464,1 (Jr),3 Meets,36200,N,0
SNDZ1465,5 (Dir),3 Meets,137300,Y,8675
SNDZ1466,4 (Sr),4 Exceeds,107000,Y,11468
SNDZ1467,4 (Sr),4 Exceeds,91200,Y,6616
SNDZ1468,4 (Sr),1 Below Meets,100700,Y,11228
SNDZ1469,5 (Dir),1 Below Meets,138600,Y,15290
SNDZ1470,2 (Mid),4 Exceeds,52900,Y,6925
SNDZ1471,4 (Sr),3 Meets,106900,Y,12044
SNDZ1472,6 (VP),3 Meets,188700,Y,23424
SNDZ1473,4 (Sr),3 Meets,100900,Y,10190
SNDZ1474,2 (Mid),3 Meets,53800,N,0
SNDZ1475,1 (Jr),3 Meets,40200,N,0
SNDZ1476,3 (Mid),1 Below Meets,70400,N,0
SNDZ1477,2 (Mid),3 Meets,50500,N,0
SNDZ1478,1 (Jr),2 Below Meets,40200,N,0
SNDZ1479,3 (Mid),1 Below Meets,81600,N,0
SNDZ1480,1 (Jr),3 Meets,38200,N,0
SNDZ1481,4 (Sr),4 Exceeds,90200,Y,14954
SNDZ1482,1 (Jr),3 Meets,40300,N,0
SNDZ1483,4 (Sr),2 Below Meets,101600,Y,14182
SNDZ1484,1 (Jr),3 Meets,39100,N,0
SNDZ1485,4 (Sr),3 Meets,108600,Y,20763
SNDZ1486,3 (Mid),3 Meets,69700,N,0
SNDZ1487,1 (Jr),3 Meets,38000,N,0
SNDZ1488,3 (Mid),4 Exceeds,82500,Y,15947
SNDZ1489,5 (Dir),2 Below Meets,139500,N,0
SNDZ1490,3 (Mid),4 Exceeds,73100,Y,13415
SNDZ1491,3 (Mid),3 Meets,71700,N,0
SNDZ1492,4 (Sr),2 Below Meets,93200,Y,4945
SNDZ1493,1 (Jr),3 Meets,36900,N,0
SNDZ1494,3 (Mid),3 Meets,70800,N,0
SNDZ1495,2 (Mid),3 Meets,60600,N,0
SNDZ1496,3 (Mid),1 Below Meets,75000,N,0
SNDZ1497,5 (Dir),3 Meets,143400,Y,24665
SNDZ1498,4 (Sr),4 Exceeds,103300,Y,11150
SNDZ1499,1 (Jr),5 Exceeds,38300,Y,6483
SNDZ1500,3 (Mid),1 Below Meets,69700,N,0
SNDZ1501,2 (Mid),3 Meets,50200,N,0
SNDZ1502,2 (Mid),4 Exceeds,54100,Y,7562
SNDZ1503,1 (Jr),4 Exceeds,41400,Y,6469
SNDZ1504,4 (Sr),3 Meets,93900,Y,15058
SNDZ1505,7 (Admin),4 Exceeds,217900,Y,37898
SNDZ1506,3 (Mid),4 Exceeds,81700,N,0
SNDZ1507,2 (Mid),2 Below Meets,55000,N,0
SNDZ1508,1 (Jr),3 Meets,41400,N,0
SNDZ1509,4 (Sr),3 Meets,99100,Y,12372
SNDZ1510,3 (Mid),4 Exceeds,70100,N,0
SNDZ1511,2 (Mid),3 Meets,52300,N,0
SNDZ1512,4 (Sr),1 Below Meets,106900,Y,11645
SNDZ1513,7 (Admin),1 Below Meets,214500,N,0
SNDZ1514,4 (Sr),3 Meets,104600,Y,5371
SNDZ1515,3 (Mid),4 Exceeds,68200,Y,12864
SNDZ1516,4 (Sr),3 Meets,94400,Y,4730
SNDZ1517,2 (Mid),4 Exceeds,51900,N,0
SNDZ1518,4 (Sr),3 Meets,103000,Y,14769
SNDZ1519,2 (Mid),4 Exceeds,53200,Y,4085
SNDZ1520,3 (Mid),2 Below Meets,71000,N,0
SNDZ1521,4 (Sr),3 Meets,104900,Y,16187
SNDZ1522,1 (Jr),3 Meets,45500,N,0
SNDZ1523,5 (Dir),3 Meets,139500,Y,10192
SNDZ1524,4 (Sr),4 Exceeds,110100,Y,7838
SNDZ1525,7 (Admin),1 Below Meets,205900,Y,23169
SNDZ1526,2 (Mid),3 Meets,53600,N,0
SNDZ1527,5 (Dir),4 Exceeds,131600,Y,23417
SNDZ1528,2 (Mid),3 Meets,52300,N,0
SNDZ1529,5 (Dir),4 Exceeds,128700,Y,23860
SNDZ1530,7 (Admin),2 Below Meets,210800,Y,35959
SNDZ1531,2 (Mid),4 Exceeds,50200,Y,4049
SNDZ1532,2 (Mid),4 Exceeds,52000,Y,9849
SNDZ1533,5 (Dir),1 Below Meets,134900,Y,19745
SNDZ1534,6 (VP),5 Exceeds,165800,Y,14756
SNDZ1535,1 (Jr),2 Below Meets,39200,N,0
SNDZ1536,5 (Dir),2 Below Meets,134400,Y,21107
SNDZ1537,3 (Mid),4 Exceeds,73200,Y,6614
SNDZ1538,4 (Sr),1 Below Meets,93900,Y,15738
SNDZ1539,7 (Admin),4 Exceeds,222000,Y,38366
SNDZ1540,5 (Dir),5 Exceeds,134700,Y,7587
SNDZ1541,1 (Jr),5 Exceeds,44600,Y,4387
SNDZ1542,3 (Mid),4 Exceeds,69300,Y,10158
SNDZ1543,4 (Sr),2 Below Meets,103400,N,0
SNDZ1544,3 (Mid),2 Below Meets,74900,N,0
SNDZ1545,4 (Sr),3 Meets,101200,Y,10762
SNDZ1546,5 (Dir),2 Below Meets,126500,N,0
SNDZ1547,4 (Sr),3 Meets,94700,Y,10544
SNDZ1548,2 (Mid),4 Exceeds,54200,Y,6472
SNDZ1549,4 (Sr),2 Below Meets,94800,Y,11136
SNDZ1550,3 (Mid),4 Exceeds,73000,Y,5044
SNDZ1551,2 (Mid),4 Exceeds,53500,Y,8863
SNDZ1552,3 (Mid),4 Exceeds,74600,Y,7683
SNDZ1553,4 (Sr),4 Exceeds,104800,Y,10867
SNDZ1554,2 (Mid),5 Exceeds,53000,Y,6678
SNDZ1555,2 (Mid),5 Exceeds,51300,Y,4115
SNDZ1556,1 (Jr),4 Exceeds,39100,Y,5789
SNDZ1557,4 (Sr),5 Exceeds,105400,Y,12914
SNDZ1558,4 (Sr),2 Below Meets,99100,Y,18870
SNDZ1559,6 (VP),3 Meets,185800,Y,21643
SNDZ1560,3 (Mid),3 Meets,76600,N,0
SNDZ1561,5 (Dir),5 Exceeds,130600,Y,13333
SNDZ1562,3 (Mid),2 Below Meets,68200,N,0
SNDZ1563,1 (Jr),5 Exceeds,37900,N,0
SNDZ1564,2 (Mid),3 Meets,50200,N,0
SNDZ1565,5 (Dir),4 Exceeds,145900,Y,23496
SNDZ1566,4 (Sr),3 Meets,99400,Y,11618
SNDZ1567,4 (Sr),4 Exceeds,98000,Y,15499
SNDZ1568,5 (Dir),1 Below Meets,128300,Y,17421
SNDZ1569,5 (Dir),4 Exceeds,123500,Y,7947
SNDZ1570,2 (Mid),3 Meets,51900,N,0
SNDZ1571,3 (Mid),3 Meets,69800,N,0
SNDZ1572,2 (Mid),4 Exceeds,50200,Y,5673
SNDZ1573,3 (Mid),4 Exceeds,72500,Y,14066
SNDZ1574,4 (Sr),4 Exceeds,98300,Y,18660
SNDZ1575,4 (Sr),4 Exceeds,95200,Y,18536
SNDZ1576,4 (Sr),3 Meets,105100,Y,10071
SNDZ1577,4 (Sr),4 Exceeds,99200,Y,5053
SNDZ1578,2 (Mid),3 Meets,52500,N,0
SNDZ1579,4 (Sr),3 Meets,108000,Y,20009
SNDZ1580,2 (Mid),4 Exceeds,53900,Y,3067
SNDZ1581,4 (Sr),3 Meets,97700,Y,10004
SNDZ1582,3 (Mid),3 Meets,71800,N,0
SNDZ1583,2 (Mid),3 Meets,51500,N,0
SNDZ1584,3 (Mid),5 Exceeds,78900,N,0
SNDZ1585,5 (Dir),2 Below Meets,129000,Y,20465
SNDZ1586,3 (Mid),3 Meets,83400,N,0
SNDZ1587,3 (Mid),3 Meets,68900,N,0
SNDZ1588,2 (Mid),1 Below Meets,52900,N,0
SNDZ1589,3 (Mid),4 Exceeds,68200,Y,3428
SNDZ1590,6 (VP),1 Below Meets,163300,Y,23859
SNDZ1591,4 (Sr),4 Exceeds,108300,Y,7669
SNDZ1592,3 (Mid),1 Below Meets,71900,N,0
SNDZ1593,4 (Sr),3 Meets,100300,Y,14122
SNDZ1594,3 (Mid),3 Meets,68200,N,0
SNDZ1595,2 (Mid),5 Exceeds,62200,Y,8295
SNDZ1596,1 (Jr),3 Meets,38900,N,0
SNDZ1597,1 (Jr),3 Meets,37900,N,0
SNDZ1598,4 (Sr),3 Meets,99200,Y,14552
SNDZ1599,4 (Sr),4 Exceeds,101500,Y,7129
SNDZ1600,2 (Mid),3 Meets,56900,N,0
SNDZ1601,5 (Dir),3 Meets,137900,Y,25851
SNDZ1602,4 (Sr),3 Meets,97000,Y,18750
SNDZ1603,4 (Sr),4 Exceeds,102600,Y,13369
SNDZ1604,3 (Mid),5 Exceeds,71500,Y,11146
SNDZ1605,2 (Mid),4 Exceeds,57500,Y,9089
SNDZ1606,3 (Mid),3 Meets,68200,N,0
SNDZ1607,2 (Mid),5 Exceeds,52400,Y,2893
SNDZ1608,4 (Sr),3 Meets,103300,Y,15917
SNDZ1609,3 (Mid),3 Meets,68200,N,0
SNDZ1610,4 (Sr),3 Meets,103700,Y,17114
SNDZ1611,5 (Dir),3 Meets,136900,Y,22431
SNDZ1612,3 (Mid),4 Exceeds,68200,Y,6288
SNDZ1613,3 (Mid),5 Exceeds,68700,Y,5619
SNDZ1614,1 (Jr),5 Exceeds,36200,Y,6915
SNDZ1615,2 (Mid),4 Exceeds,50600,Y,5292
SNDZ1616,4 (Sr),3 Meets,98600,Y,11155
SNDZ1617,2 (Mid),3 Meets,56500,N,0
SNDZ1618,2 (Mid),5 Exceeds,50500,Y,10004
SNDZ1619,3 (Mid),1 Below Meets,68200,N,0
SNDZ1620,2 (Mid),2 Below Meets,50200,N,0
SNDZ1621,4 (Sr),5 Exceeds,99100,Y,14423
SNDZ1622,2 (Mid),4 Exceeds,52600,Y,2667
SNDZ1623,4 (Sr),3 Meets,101100,Y,5207
SNDZ1624,4 (Sr),2 Below Meets,100100,Y,13434
SNDZ1625,4 (Sr),3 Meets,95500,Y,5494
SNDZ1626,3 (Mid),5 Exceeds,73400,Y,11165
SNDZ1627,4 (Sr),3 Meets,107200,Y,10950
SNDZ1628,1 (Jr),4 Exceeds,38900,Y,5902
SNDZ1629,1 (Jr),4 Exceeds,40700,Y,2586
SNDZ1630,3 (Mid),4 Exceeds,75100,Y,5062
SNDZ1631,2 (Mid),3 Meets,53500,N,0
SNDZ1632,2 (Mid),3 Meets,54100,N,0
SNDZ1633,2 (Mid),3 Meets,50200,N,0
SNDZ1634,3 (Mid),3 Meets,71400,N,0
SNDZ1635,3 (Mid),4 Exceeds,68200,Y,11929
SNDZ1636,3 (Mid),3 Meets,74300,N,0
SNDZ1637,4 (Sr),2 Below Meets,99700,Y,11282
SNDZ1638,2 (Mid),4 Exceeds,51300,Y,8716
SNDZ1639,3 (Mid),3 Meets,73900,N,0
SNDZ1640,3 (Mid),3 Meets,71100,N,0
SNDZ1641,2 (Mid),2 Below Meets,50500,N,0
SNDZ1642,3 (Mid),4 Exceeds,75600,Y,12909
SNDZ1643,4 (Sr),5 Exceeds,98600,Y,8229
SNDZ1644,1 (Jr),3 Meets,45000,N,0
SNDZ1645,3 (Mid),2 Below Meets,69400,N,0
SNDZ1646,1 (Jr),3 Meets,44100,N,0
SNDZ1647,4 (Sr),4 Exceeds,98500,Y,6021
SNDZ1648,6 (VP),3 Meets,172000,Y,25339
SNDZ1649,2 (Mid),3 Meets,52100,N,0
SNDZ1650,5 (Dir),3 Meets,137900,Y,7652
SNDZ1651,5 (Dir),3 Meets,139500,Y,11120
SNDZ1652,3 (Mid),3 Meets,71200,N,0
SNDZ1653,1 (Jr),4 Exceeds,45300,Y,6005
SNDZ1654,1 (Jr),1 Below Meets,39800,N,0
SNDZ1655,6 (VP),2 Below Meets,189700,Y,17093
SNDZ1656,4 (Sr),3 Meets,97000,Y,5353
SNDZ1657,3 (Mid),4 Exceeds,79200,Y,6444
SNDZ1658,1 (Jr),3 Meets,38900,N,0
SNDZ1659,1 (Jr),3 Meets,36200,N,0
SNDZ1660,2 (Mid),4 Exceeds,50200,Y,8766
SNDZ1661,2 (Mid),5 Exceeds,53400,Y,6836
SNDZ1662,2 (Mid),2 Below Meets,63800,N,0
SNDZ1663,4 (Sr),3 Meets,112400,Y,18212
SNDZ1664,1 (Jr),4 Exceeds,36200,Y,3838
SNDZ1665,3 (Mid),3 Meets,68200,N,0
SNDZ1666,6 (VP),4 Exceeds,188700,Y,14061
SNDZ1667,5 (Dir),3 Meets,125400,Y,12747
SNDZ1668,1 (Jr),3 Meets,39100,N,0
SNDZ1669,6 (VP),3 Meets,172400,Y,22134
SNDZ1670,4 (Sr),3 Meets,93700,Y,15907
SNDZ1671,2 (Mid),3 Meets,50900,N,0
SNDZ1672,2 (Mid),5 Exceeds,55300,N,0
SNDZ1673,1 (Jr),3 Meets,38100,N,0
SNDZ1674,4 (Sr),3 Meets,103000,Y,7237
SNDZ1675,5 (Dir),3 Meets,132400,Y,25080
SNDZ1676,3 (Mid),3 Meets,72400,N,0
SNDZ1677,1 (Jr),3 Meets,36200,N,0
SNDZ1678,2 (Mid),3 Meets,53500,N,0
SNDZ1679,6 (VP),3 Meets,181700,Y,11986
SNDZ1680,3 (Mid),3 Meets,73100,N,0
SNDZ1681,5 (Dir),2 Below Meets,129600,Y,16890
SNDZ1682,3 (Mid),1 Below Meets,68200,N,0
SNDZ1683,3 (Mid),4 Exceeds,69600,N,0
SNDZ1684,5 (Dir),3 Meets,126900,Y,12788
SNDZ1685,3 (Mid),4 Exceeds,76500,Y,6324
SNDZ1686,1 (Jr),3 Meets,36200,N,0
SNDZ1687,3 (Mid),3 Meets,70300,N,0
SNDZ1688,2 (Mid),2 Below Meets,50200,N,0
SNDZ1689,3 (Mid),3 Meets,68200,N,0
SNDZ1690,3 (Mid),3 Meets,76900,N,0
SNDZ1691,5 (Dir),4 Exceeds,136500,Y,21914
SNDZ1692,1 (Jr),2 Below Meets,44500,N,0
SNDZ1693,2 (Mid),4 Exceeds,51700,Y,9227
SNDZ1694,4 (Sr),4 Exceeds,106300,Y,14351
SNDZ1695,2 (Mid),4 Exceeds,50200,Y,4771
SNDZ1696,1 (Jr),4 Exceeds,37800,Y,4169
SNDZ1697,2 (Mid),4 Exceeds,52500,Y,2795
SNDZ1698,4 (Sr),4 Exceeds,105700,Y,9710
SNDZ1699,4 (Sr),1 Below Meets,103000,Y,9784
SNDZ1700,6 (VP),5 Exceeds,176800,Y,33504
SNDZ1701,5 (Dir),4 Exceeds,139600,Y,13038
SNDZ1702,5 (Dir),3 Meets,138400,Y,15772
SNDZ1703,2 (Mid),4 Exceeds,50600,Y,8829
SNDZ1704,2 (Mid),5 Exceeds,56300,Y,6589
SNDZ1705,5 (Dir),1 Below Meets,120200,Y,17997
SNDZ1706,4 (Sr),5 Exceeds,96600,Y,4987
SNDZ1707,1 (Jr),4 Exceeds,40700,Y,4311
SNDZ1708,2 (Mid),3 Meets,52500,N,0
SNDZ1709,2 (Mid),5 Exceeds,51000,Y,7547
SNDZ1710,2 (Mid),4 Exceeds,51100,Y,7169
SNDZ1711,3 (Mid),3 Meets,70300,N,0
SNDZ1712,5 (Dir),3 Meets,132400,Y,25792
SNDZ1713,6 (VP),4 Exceeds,164500,Y,24817
SNDZ1714,2 (Mid),3 Meets,58500,N,0
SNDZ1715,5 (Dir),3 Meets,132800,Y,21588
SNDZ1716,4 (Sr),4 Exceeds,98600,Y,11075
SNDZ1717,3 (Mid),3 Meets,77100,N,0
SNDZ1718,3 (Mid),3 Meets,70200,N,0
SNDZ1719,1 (Jr),3 Meets,36200,N,0
SNDZ1720,1 (Jr),2 Below Meets,41300,N,0
SNDZ1721,3 (Mid),3 Meets,72600,N,0
SNDZ1722,3 (Mid),4 Exceeds,68200,N,0
SNDZ1723,1 (Jr),3 Meets,41800,N,0
SNDZ1724,3 (Mid),4 Exceeds,68500,Y,12464
SNDZ1725,3 (Mid),4 Exceeds,78300,Y,14957
SNDZ1726,2 (Mid),4 Exceeds,52100,Y,6966
SNDZ1727,6 (VP),4 Exceeds,167300,Y,18375
SNDZ1728,2 (Mid),3 Meets,52400,N,0
SNDZ1729,3 (Mid),4 Exceeds,82100,Y,4854
SNDZ1730,3 (Mid),2 Below Meets,71400,N,0
SNDZ1731,2 (Mid),3 Meets,55300,N,0
SNDZ1732,3 (Mid),1 Below Meets,69200,N,0
SNDZ1733,7 (Admin),3 Meets,205200,Y,19447
SNDZ1734,4 (Sr),3 Meets,103900,Y,12731
SNDZ1735,4 (Sr),5 Exceeds,101200,Y,8789
SNDZ1736,2 (Mid),3 Meets,55400,N,0
SNDZ1737,1 (Jr),3 Meets,38600,N,0
SNDZ1738,3 (Mid),5 Exceeds,74300,Y,8990
SNDZ1739,2 (Mid),4 Exceeds,50200,Y,8138
SNDZ1740,3 (Mid),4 Exceeds,74000,Y,12070
SNDZ1741,3 (Mid),4 Exceeds,68200,Y,12311
SNDZ1742,2 (Mid),4 Exceeds,50200,Y,5433
SNDZ1743,4 (Sr),1 Below Meets,108800,Y,13993
SNDZ1744,3 (Mid),4 Exceeds,74600,Y,10518
SNDZ1745,3 (Mid),1 Below Meets,74500,N,0
SNDZ1746,3 (Mid),3 Meets,68200,N,0
SNDZ1747,4 (Sr),5 Exceeds,112000,Y,8822
SNDZ1748,1 (Jr),4 Exceeds,44400,Y,5625
SNDZ1749,3 (Mid),2 Below Meets,68700,N,0
SNDZ1750,3 (Mid),3 Meets,76900,N,0
SNDZ1751,4 (Sr),3 Meets,95400,Y,5784
SNDZ1752,2 (Mid),5 Exceeds,50300,Y,5042
SNDZ1753,2 (Mid),4 Exceeds,53700,Y,3795
SNDZ1754,4 (Sr),1 Below Meets,110300,Y,10248
SNDZ1755,5 (Dir),1 Below Meets,134700,Y,20100
SNDZ1756,5 (Dir),3 Meets,127600,Y,15775
SNDZ1757,1 (Jr),3 Meets,36200,N,0
SNDZ1758,5 (Dir),3 Meets,133800,Y,16048
SNDZ1759,4 (Sr),4 Exceeds,104100,Y,10822
SNDZ1760,1 (Jr),4 Exceeds,36200,Y,5137
SNDZ1761,3 (Mid),4 Exceeds,76500,Y,13458
SNDZ1762,1 (Jr),3 Meets,36200,N,0
SNDZ1763,7 (Admin),3 Meets,220700,Y,38923
SNDZ1764,5 (Dir),3 Meets,129500,Y,12455
SNDZ1765,1 (Jr),3 Meets,38400,N,0
SNDZ1766,5 (Dir),3 Meets,133600,Y,9375
SNDZ1767,2 (Mid),4 Exceeds,54400,Y,3058
SNDZ1768,3 (Mid),4 Exceeds,69300,Y,8946
SNDZ1769,2 (Mid),3 Meets,51800,N,0
SNDZ1770,2 (Mid),3 Meets,53900,N,0
SNDZ1771,2 (Mid),1 Below Meets,52600,N,0
SNDZ1772,5 (Dir),3 Meets,140100,Y,22742
SNDZ1773,3 (Mid),3 Meets,68800,N,0
SNDZ1774,6 (VP),3 Meets,178000,Y,33378
SNDZ1775,3 (Mid),3 Meets,77700,N,0
SNDZ1776,2 (Mid),2 Below Meets,50800,N,0
SNDZ1777,1 (Jr),3 Meets,36200,N,0
SNDZ1778,5 (Dir),3 Meets,136800,Y,22989
SNDZ1779,3 (Mid),3 Meets,74900,N,0
SNDZ1780,2 (Mid),4 Exceeds,52700,Y,5448
SNDZ1781,2 (Mid),3 Meets,51100,N,0
SNDZ1782,3 (Mid),3 Meets,79000,N,0
SNDZ1783,5 (Dir),3 Meets,128400,Y,12264
SNDZ1784,1 (Jr),3 Meets,38300,N,0
SNDZ1785,3 (Mid),2 Below Meets,83100,N,0
SNDZ1786,2 (Mid),3 Meets,56500,N,0
SNDZ1787,2 (Mid),5 Exceeds,51300,Y,8072
SNDZ1788,3 (Mid),3 Meets,76000,N,0
SNDZ1789,6 (VP),4 Exceeds,183500,Y,26547
SNDZ1790,1 (Jr),4 Exceeds,37300,Y,4915
SNDZ1791,3 (Mid),4 Exceeds,73000,Y,8698
SNDZ1792,4 (Sr),4 Exceeds,94800,Y,10987
SNDZ1793,2 (Mid),3 Meets,51500,N,0
SNDZ1794,4 (Sr),3 Meets,106000,Y,6474
SNDZ1795,3 (Mid),3 Meets,74500,N,0
SNDZ1796,2 (Mid),4 Exceeds,52500,Y,8428
SNDZ1797,5 (Dir),3 Meets,135800,Y,22645
SNDZ1798,3 (Mid),3 Meets,82900,N,0
SNDZ1799,3 (Mid),1 Below Meets,71000,N,0
SNDZ1800,5 (Dir),3 Meets,132600,Y,25101
SNDZ1801,3 (Mid),3 Meets,68200,N,0
SNDZ1802,3 (Mid),3 Meets,81200,N,0
SNDZ1803,2 (Mid),4 Exceeds,58600,Y,6906
SNDZ1804,1 (Jr),1 Below Meets,36300,N,0
SNDZ1805,2 (Mid),4 Exceeds,53600,Y,7212
SNDZ1806,4 (Sr),4 Exceeds,109400,Y,14839
SNDZ1807,2 (Mid),4 Exceeds,57900,Y,7952
SNDZ1808,1 (Jr),2 Below Meets,39400,N,0
SNDZ1809,2 (Mid),2 Below Meets,55800,N,0
SNDZ1810,3 (Mid),3 Meets,68200,N,0
SNDZ1811,4 (Sr),1 Below Meets,102900,N,0
SNDZ1812,1 (Jr),3 Meets,37800,N,0
SNDZ1813,5 (Dir),3 Meets,129900,Y,8870
SNDZ1814,2 (Mid),2 Below Meets,54500,N,0
SNDZ1815,3 (Mid),3 Meets,69400,N,0
SNDZ1816,1 (Jr),3 Meets,39400,N,0
SNDZ1817,1 (Jr),3 Meets,36500,N,0
SNDZ1818,1 (Jr),5 Exceeds,37900,Y,7458
SNDZ1819,3 (Mid),4 Exceeds,71700,Y,4830
SNDZ1820,2 (Mid),4 Exceeds,51600,Y,8931
SNDZ1821,3 (Mid),2 Below Meets,80400,N,0
SNDZ1822,1 (Jr),3 Meets,36200,N,0
SNDZ1823,2 (Mid),1 Below Meets,59900,N,0
SNDZ1824,3 (Mid),1 Below Meets,68300,N,0
SNDZ1825,3 (Mid),4 Exceeds,70000,Y,13817
SNDZ1826,2 (Mid),3 Meets,50200,N,0
SNDZ1827,3 (Mid),4 Exceeds,76800,Y,5437
SNDZ1828,2 (Mid),4 Exceeds,55400,Y,6387
SNDZ1829,5 (Dir),3 Meets,121100,Y,14814
SNDZ1830,4 (Sr),3 Meets,103100,Y,9551
SNDZ1831,5 (Dir),3 Meets,120200,Y,11853
SNDZ1832,3 (Mid),4 Exceeds,69300,Y,11268
SNDZ1833,5 (Dir),5 Exceeds,135300,Y,26838
SNDZ1834,3 (Mid),2 Below Meets,74900,N,0
SNDZ1835,3 (Mid),3 Meets,69300,N,0
SNDZ1836,2 (Mid),3 Meets,51300,N,0
SNDZ1837,5 (Dir),5 Exceeds,139800,Y,13551
SNDZ1838,3 (Mid),3 Meets,68200,N,0
SNDZ1839,2 (Mid),3 Meets,52600,N,0
SNDZ1840,6 (VP),4 Exceeds,166800,Y,15070
SNDZ1841,2 (Mid),2 Below Meets,50200,N,0
SNDZ1842,2 (Mid),3 Meets,59300,N,0
SNDZ1843,4 (Sr),3 Meets,102500,Y,6000
SNDZ1844,3 (Mid),2 Below Meets,75500,N,0
SNDZ1845,4 (Sr),4 Exceeds,94000,Y,17396
SNDZ1846,3 (Mid),4 Exceeds,73500,Y,9514
SNDZ1847,2 (Mid),2 Below Meets,57400,N,0
SNDZ1848,2 (Mid),3 Meets,52900,N,0
SNDZ1849,4 (Sr),3 Meets,101100,Y,8538
SNDZ1850,6 (VP),5 Exceeds,175300,Y,18374
SNDZ1851,3 (Mid),2 Below Meets,75500,N,0
SNDZ1852,5 (Dir),3 Meets,139800,Y,7710
SNDZ1853,4 (Sr),3 Meets,96200,Y,10959
SNDZ1854,1 (Jr),3 Meets,37700,N,0
SNDZ1855,4 (Sr),3 Meets,92400,Y,6243
SNDZ1856,2 (Mid),3 Meets,50200,N,0
SNDZ1857,4 (Sr),3 Meets,97500,Y,14476
SNDZ1858,4 (Sr),4 Exceeds,103900,Y,11208
SNDZ1859,4 (Sr),5 Exceeds,107100,Y,11482
SNDZ1860,1 (Jr),4 Exceeds,45500,Y,8125
SNDZ1861,3 (Mid),5 Exceeds,72000,Y,13263
SNDZ1862,1 (Jr),3 Meets,43200,N,0
SNDZ1863,3 (Mid),2 Below Meets,74900,N,0
SNDZ1864,3 (Mid),3 Meets,80300,N,0
SNDZ1865,1 (Jr),3 Meets,36200,N,0
SNDZ1866,4 (Sr),3 Meets,104500,Y,18494
SNDZ1867,4 (Sr),4 Exceeds,91700,Y,17197
SNDZ1868,6 (VP),5 Exceeds,188100,Y,24835
SNDZ1869,2 (Mid),3 Meets,58300,N,0
SNDZ1870,1 (Jr),2 Below Meets,37500,N,0
SNDZ1871,4 (Sr),3 Meets,102500,Y,18926
SNDZ1872,2 (Mid),3 Meets,53200,N,0
SNDZ1873,3 (Mid),3 Meets,73100,N,0
SNDZ1874,4 (Sr),2 Below Meets,92600,Y,4922
SNDZ1875,6 (VP),1 Below Meets,184200,N,0
SNDZ1876,1 (Jr),3 Meets,44900,N,0
SNDZ1877,2 (Mid),3 Meets,52500,N,0
SNDZ1878,1 (Jr),3 Meets,40900,N,0
SNDZ1879,2 (Mid),4 Exceeds,56800,Y,3752
SNDZ1880,2 (Mid),5 Exceeds,50200,Y,8866
SNDZ1881,3 (Mid),5 Exceeds,73600,Y,11474
SNDZ1882,3 (Mid),3 Meets,68200,N,0
SNDZ1883,1 (Jr),3 Meets,42900,N,0
SNDZ1884,3 (Mid),3 Meets,78200,N,0
SNDZ1885,7 (Admin),1 Below Meets,214400,Y,36218
SNDZ1886,4 (Sr),3 Meets,109700,Y,7429
SNDZ1887,4 (Sr),1 Below Meets,106200,Y,19941
SNDZ1888,1 (Jr),3 Meets,36800,N,0
SNDZ1889,3 (Mid),3 Meets,70300,N,0
SNDZ1890,3 (Mid),3 Meets,71900,N,0
SNDZ1891,1 (Jr),3 Meets,41000,N,0
SNDZ1892,2 (Mid),3 Meets,50200,N,0
SNDZ1893,1 (Jr),3 Meets,36500,N,0
SNDZ1894,2 (Mid),3 Meets,53300,N,0
SNDZ1895,6 (VP),3 Meets,184500,Y,16289
SNDZ1896,3 (Mid),5 Exceeds,75800,Y,3863
SNDZ1897,2 (Mid),5 Exceeds,51700,Y,2965
SNDZ1898,3 (Mid),4 Exceeds,71400,Y,14279
SNDZ1899,2 (Mid),1 Below Meets,60500,N,0
SNDZ1900,2 (Mid),1 Below Meets,52600,N,0
SNDZ1901,7 (Admin),3 Meets,214700,Y,18491
SNDZ1902,3 (Mid),2 Below Meets,68200,N,0
SNDZ1903,5 (Dir),2 Below Meets,127500,N,0
SNDZ1904,2 (Mid),4 Exceeds,50200,Y,8100
SNDZ1905,3 (Mid),3 Meets,69200,N,0
SNDZ1906,3 (Mid),3 Meets,78900,N,0
SNDZ1907,4 (Sr),3 Meets,105600,Y,10053
SNDZ1908,1 (Jr),3 Meets,36200,N,0
SNDZ1909,2 (Mid),4 Exceeds,55700,Y,10236
SNDZ1910,1 (Jr),3 Meets,46100,N,0
SNDZ1911,3 (Mid),3 Meets,73800,N,0
SNDZ1912,3 (Mid),3 Meets,76000,N,0
SNDZ1913,5 (Dir),3 Meets,139600,Y,17378
SNDZ1914,4 (Sr),3 Meets,99700,Y,6536
SNDZ1915,2 (Mid),4 Exceeds,50200,Y,3189
SNDZ1916,6 (VP),3 Meets,183400,Y,11360
SNDZ1917,3 (Mid),3 Meets,71300,N,0
SNDZ1918,1 (Jr),3 Meets,42900,N,0
SNDZ1919,6 (VP),3 Meets,187800,Y,21157
SNDZ1920,1 (Jr),4 Exceeds,36200,Y,6078
SNDZ1921,4 (Sr),3 Meets,109700,Y,13117
SNDZ1922,4 (Sr),3 Meets,99900,Y,13967
SNDZ1923,2 (Mid),3 Meets,54700,N,0
SNDZ1924,5 (Dir),4 Exceeds,128800,Y,11587
SNDZ1925,4 (Sr),3 Meets,100900,Y,18201
SNDZ1926,2 (Mid),3 Meets,53200,N,0
SNDZ1927,2 (Mid),3 Meets,53100,N,0
SNDZ1928,4 (Sr),4 Exceeds,110700,Y,11561
SNDZ1929,2 (Mid),1 Below Meets,52800,N,0
SNDZ1930,2 (Mid),3 Meets,54800,N,0
SNDZ1931,1 (Jr),3 Meets,36200,N,0
SNDZ1932,3 (Mid),3 Meets,71800,N,0
SNDZ1933,3 (Mid),4 Exceeds,76400,Y,12321
SNDZ1934,2 (Mid),1 Below Meets,54600,N,0
SNDZ1935,3 (Mid),3 Meets,75300,N,0
SNDZ1936,1 (Jr),2 Below Meets,36200,N,0
SNDZ1937,3 (Mid),3 Meets,69000,N,0
SNDZ1938,6 (VP),2 Below Meets,186000,Y,23927
SNDZ1939,4 (Sr),4 Exceeds,100500,Y,8320
SNDZ1940,3 (Mid),4 Exceeds,68200,Y,6656
SNDZ1941,3 (Mid),3 Meets,68200,N,0
SNDZ1942,3 (Mid),3 Meets,68200,N,0
SNDZ1943,4 (Sr),4 Exceeds,97400,Y,7409
SNDZ1944,4 (Sr),4 Exceeds,113100,Y,15693
SNDZ1945,2 (Mid),5 Exceeds,51500,Y,6465
SNDZ1946,5 (Dir),4 Exceeds,135200,Y,14244
SNDZ1947,1 (Jr),4 Exceeds,36200,Y,6765
SNDZ1948,1 (Jr),2 Below Meets,36200,N,0
SNDZ1949,1 (Jr),4 Exceeds,36200,Y,6667
SNDZ1950,2 (Mid),3 Meets,55200,N,0
SNDZ1951,5 (Dir),2 Below Meets,144400,N,0
SNDZ1952,3 (Mid),4 Exceeds,74100,Y,9379
SNDZ1953,4 (Sr),3 Meets,103600,Y,17934
SNDZ1954,1 (Jr),3 Meets,36200,N,0
SNDZ1955,2 (Mid),4 Exceeds,56300,Y,5028
SNDZ1956,2 (Mid),2 Below Meets,59600,N,0
SNDZ1957,4 (Sr),4 Exceeds,109200,Y,8650
SNDZ1958,2 (Mid),1 Below Meets,50200,N,0
SNDZ1959,3 (Mid),3 Meets,70800,N,0
SNDZ1960,3 (Mid),3 Meets,81800,N,0
SNDZ1961,2 (Mid),3 Meets,52400,N,0
SNDZ1962,4 (Sr),4 Exceeds,94200,Y,11750
SNDZ1963,3 (Mid),3 Meets,75900,N,0
SNDZ1964,2 (Mid),3 Meets,50200,N,0
SNDZ1965,5 (Dir),4 Exceeds,131000,Y,7415
SNDZ1966,4 (Sr),4 Exceeds,98000,Y,13728
SNDZ1967,4 (Sr),4 Exceeds,104600,Y,13806
SNDZ1968,1 (Jr),3 Meets,39000,N,0
SNDZ1969,4 (Sr),4 Exceeds,96200,Y,9957
SNDZ1970,4 (Sr),1 Below Meets,108400,Y,9982
SNDZ1971,4 (Sr),4 Exceeds,90200,Y,16336
SNDZ1972,1 (Jr),4 Exceeds,36200,Y,6455
SNDZ1973,2 (Mid),5 Exceeds,51000,Y,10108
SNDZ1974,3 (Mid),3 Meets,71400,N,0
SNDZ1975,4 (Sr),4 Exceeds,108100,Y,14091
SNDZ1976,2 (Mid),3 Meets,57700,N,0
SNDZ1977,3 (Mid),4 Exceeds,78400,Y,7541
SNDZ1978,2 (Mid),1 Below Meets,59800,N,0
SNDZ1979,3 (Mid),4 Exceeds,68200,Y,13194
SNDZ1980,5 (Dir),4 Exceeds,139000,Y,12197
SNDZ1981,2 (Mid),3 Meets,51900,N,0
SNDZ1982,4 (Sr),2 Below Meets,110900,N,0
SNDZ1983,3 (Mid),4 Exceeds,69400,Y,7665
SNDZ1984,5 (Dir),3 Meets,131100,Y,6959
SNDZ1985,2 (Mid),3 Meets,50200,N,0
SNDZ1986,4 (Sr),3 Meets,99200,Y,12199
SNDZ1987,4 (Sr),1 Below Meets,105100,N,0
SNDZ1988,4 (Sr),4 Exceeds,97600,Y,6708
SNDZ1989,5 (Dir),3 Meets,137400,Y,9645
SNDZ1990,2 (Mid),3 Meets,52200,N,0
SNDZ1991,4 (Sr),5 Exceeds,98300,Y,6130
SNDZ1992,2 (Mid),3 Meets,57100,N,0
SNDZ1993,2 (Mid),3 Meets,55600,N,0
SNDZ1994,1 (Jr),3 Meets,36500,N,0
SNDZ1995,4 (Sr),4 Exceeds,97900,Y,9442
SNDZ1996,3 (Mid),4 Exceeds,70200,Y,13447
SNDZ1997,2 (Mid),4 Exceeds,52900,Y,2927
SNDZ1998,2 (Mid),4 Exceeds,51700,Y,7859
SNDZ1999,1 (Jr),4 Exceeds,39400,Y,6625
SNDZ2000,3 (Mid),5 Exceeds,70100,Y,13371
